theme_kr,ticker
정유,010950
정유,096770
정유,078930
백화점,037710
백화점,006370
백화점,004170
백화점,023530
백화점,069960
백화점,452260
모더나(MODERNA),207940
모더나(MODERNA),005690
모더나(MODERNA),237690
모더나(MODERNA),006280
모더나(MODERNA),227950
모더나(MODERNA),950200
바이오시밀러(복제 바이오의약품),009420
바이오시밀러(복제 바이오의약품),196170
바이오시밀러(복제 바이오의약품),0126Z0
바이오시밀러(복제 바이오의약품),068270
바이오시밀러(복제 바이오의약품),053030
바이오시밀러(복제 바이오의약품),000250
바이오시밀러(복제 바이오의약품),128940
바이오시밀러(복제 바이오의약품),006280
바이오시밀러(복제 바이오의약품),068760
바이오시밀러(복제 바이오의약품),003850
바이오시밀러(복제 바이오의약품),069620
바이오시밀러(복제 바이오의약품),051910
바이오시밀러(복제 바이오의약품),003060
바이오시밀러(복제 바이오의약품),170900
바이오시밀러(복제 바이오의약품),067370
바이오시밀러(복제 바이오의약품),950210
바이오시밀러(복제 바이오의약품),185750
바이오시밀러(복제 바이오의약품),334970
바이오시밀러(복제 바이오의약품),086890
바이오시밀러(복제 바이오의약품),222110
바이오시밀러(복제 바이오의약품),007460
공작기계,100660
공작기계,089140
공작기계,000850
공작기계,019210
공작기계,010660
공작기계,101680
공작기계,099440
공작기계,003570
공작기계,025890
공작기계,195990
공작기계,129920
공작기계,009160
공작기계,004380
공작기계,047400
3D 프린터,376900
3D 프린터,090360
3D 프린터,246710
3D 프린터,033200
3D 프린터,099440
3D 프린터,090710
3D 프린터,474650
3D 프린터,104540
3D 프린터,126700
3D 프린터,039440
3D 프린터,048770
반도체 대표주(생산),005930
반도체 대표주(생산),000660
반도체 대표주(생산),000990
2차전지(생산),096770
2차전지(생산),006400
2차전지(생산),373220
화이자(PFIZER),005690
화이자(PFIZER),018680
화이자(PFIZER),000100
화이자(PFIZER),271980
화이자(PFIZER),023910
오가노이드,207940
오가노이드,475960
오가노이드,476040
오가노이드,001060
오가노이드,246710
오가노이드,217730
오가노이드,223250
오가노이드,068330
면역항암제,397030
면역항암제,493280
면역항암제,141080
면역항암제,174900
면역항암제,215600
면역항암제,338840
면역항암제,298380
면역항암제,115180
면역항암제,321550
면역항암제,028300
면역항암제,424870
면역항암제,0009K0
면역항암제,084990
면역항암제,323990
면역항암제,000100
면역항암제,0082N0
면역항암제,358570
면역항암제,039200
면역항암제,950220
면역항암제,095700
면역항암제,299660
면역항암제,291650
면역항암제,170900
면역항암제,293780
면역항암제,235980
면역항암제,001540
면역항암제,308080
면역항암제,144510
면역항암제,195990
면역항암제,086890
면역항암제,365270
면역항암제,378800
면역항암제,085660
면역항암제,083790
면역항암제,052020
면역항암제,224060
로봇(산업용/협동로봇 등),251630
로봇(산업용/협동로봇 등),100660
로봇(산업용/협동로봇 등),012200
로봇(산업용/협동로봇 등),413630
로봇(산업용/협동로봇 등),192410
로봇(산업용/협동로봇 등),049070
로봇(산업용/협동로봇 등),466100
로봇(산업용/협동로봇 등),090360
로봇(산업용/협동로봇 등),454910
로봇(산업용/협동로봇 등),160190
로봇(산업용/협동로봇 등),199430
로봇(산업용/협동로봇 등),388720
로봇(산업용/협동로봇 등),117730
로봇(산업용/협동로봇 등),348340
로봇(산업용/협동로봇 등),459510
로봇(산업용/협동로봇 등),066430
로봇(산업용/협동로봇 등),059270
로봇(산업용/협동로봇 등),058610
로봇(산업용/협동로봇 등),439960
로봇(산업용/협동로봇 등),389500
로봇(산업용/협동로봇 등),437730
로봇(산업용/협동로봇 등),204320
로봇(산업용/협동로봇 등),079550
로봇(산업용/협동로봇 등),138360
로봇(산업용/협동로봇 등),084850
로봇(산업용/협동로봇 등),060720
로봇(산업용/협동로봇 등),277810
로봇(산업용/협동로봇 등),217500
로봇(산업용/협동로봇 등),059120
로봇(산업용/협동로봇 등),056080
로봇(산업용/협동로봇 등),322180
로봇(산업용/협동로봇 등),264850
로봇(산업용/협동로봇 등),317830
로봇(산업용/협동로봇 등),319400
로봇(산업용/협동로봇 등),000150
로봇(산업용/협동로봇 등),011690
로봇(산업용/협동로봇 등),101170
로봇(산업용/협동로봇 등),108490
로봇(산업용/협동로봇 등),094940
로봇(산업용/협동로봇 등),455900
로봇(산업용/협동로봇 등),092200
로봇(산업용/협동로봇 등),140670
로봇(산업용/협동로봇 등),099440
로봇(산업용/협동로봇 등),090710
로봇(산업용/협동로봇 등),474650
로봇(산업용/협동로봇 등),010820
로봇(산업용/협동로봇 등),093640
로봇(산업용/협동로봇 등),484810
로봇(산업용/협동로봇 등),270660
로봇(산업용/협동로봇 등),206400
로봇(산업용/협동로봇 등),006140
로봇(산업용/협동로봇 등),033530
로봇(산업용/협동로봇 등),125490
로봇(산업용/협동로봇 등),000490
로봇(산업용/협동로봇 등),030530
로봇(산업용/협동로봇 등),190510
로봇(산업용/협동로봇 등),005850
로봇(산업용/협동로봇 등),448900
로봇(산업용/협동로봇 등),024880
로봇(산업용/협동로봇 등),119500
로봇(산업용/협동로봇 등),008830
로봇(산업용/협동로봇 등),130740
로봇(산업용/협동로봇 등),065350
로봇(산업용/협동로봇 등),391710
로봇(산업용/협동로봇 등),232680
로봇(산업용/협동로봇 등),307180
로봇(산업용/협동로봇 등),004380
로봇(산업용/협동로봇 등),079370
로봇(산업용/협동로봇 등),048770
로봇(산업용/협동로봇 등),160980
비만치료제,087010
비만치료제,226950
비만치료제,196300
비만치료제,089140
비만치료제,456160
비만치료제,000250
비만치료제,128940
비만치료제,249420
비만치료제,048870
비만치료제,009290
비만치료제,389470
비만치료제,256840
비만치료제,000100
비만치료제,068760
비만치료제,214370
비만치료제,195940
비만치료제,047920
비만치료제,069620
비만치료제,348080
비만치료제,051910
비만치료제,214260
비만치료제,095700
비만치료제,138610
비만치료제,067080
비만치료제,002390
비만치료제,291650
비만치료제,170900
비만치료제,002800
비만치료제,185750
비만치료제,003220
비만치료제,348150
비만치료제,378800
비만치료제,078140
비만치료제,180400
비만치료제,347850
비만치료제,439580
윤활유,010950
윤활유,096770
윤활유,024060
윤활유,078930
윤활유,002960
윤활유,003650
윤활유,014530
mRNA(메신저 리보핵산),226950
mRNA(메신저 리보핵산),005690
mRNA(메신저 리보핵산),128940
mRNA(메신저 리보핵산),237690
mRNA(메신저 리보핵산),006280
mRNA(메신저 리보핵산),389470
mRNA(메신저 리보핵산),074430
mRNA(메신저 리보핵산),008930
mRNA(메신저 리보핵산),348080
mRNA(메신저 리보핵산),138610
mRNA(메신저 리보핵산),185490
mRNA(메신저 리보핵산),102460
mRNA(메신저 리보핵산),038070
mRNA(메신저 리보핵산),011000
미용기기,214450
미용기기,483650
미용기기,200670
미용기기,145020
미용기기,278470
미용기기,084110
미용기기,214150
미용기기,256840
미용기기,000100
미용기기,069620
미용기기,149980
미용기기,336570
미용기기,086900
미용기기,219750
미용기기,462510
미용기기,199550
미용기기,240550
미용기기,216080
미용기기,450950
코로나19(치료제/백신 개발 등),087010
코로나19(치료제/백신 개발 등),141080
코로나19(치료제/백신 개발 등),174900
코로나19(치료제/백신 개발 등),038530
코로나19(치료제/백신 개발 등),249420
코로나19(치료제/백신 개발 등),041960
코로나19(치료제/백신 개발 등),389470
코로나19(치료제/백신 개발 등),261780
코로나19(치료제/백신 개발 등),019170
코로나19(치료제/백신 개발 등),256840
코로나19(치료제/백신 개발 등),007390
코로나19(치료제/백신 개발 등),001060
코로나19(치료제/백신 개발 등),302440
코로나19(치료제/백신 개발 등),307750
코로나19(치료제/백신 개발 등),214370
코로나19(치료제/백신 개발 등),206650
코로나19(치료제/백신 개발 등),348080
코로나19(치료제/백신 개발 등),203400
코로나19(치료제/백신 개발 등),048410
코로나19(치료제/백신 개발 등),217730
코로나19(치료제/백신 개발 등),299660
코로나19(치료제/백신 개발 등),293780
코로나19(치료제/백신 개발 등),032300
코로나19(치료제/백신 개발 등),153710
코로나19(치료제/백신 개발 등),185490
코로나19(치료제/백신 개발 등),378800
코로나19(치료제/백신 개발 등),101140
코로나19(치료제/백신 개발 등),109820
코로나19(치료제/백신 개발 등),011000
보톡스(보툴리눔톡신),214450
보톡스(보툴리눔톡신),200670
보톡스(보툴리눔톡신),145020
보톡스(보툴리눔톡신),084110
보톡스(보툴리눔톡신),256840
보톡스(보툴리눔톡신),061040
보톡스(보툴리눔톡신),243070
보톡스(보툴리눔톡신),206650
보톡스(보툴리눔톡신),069620
보톡스(보툴리눔톡신),086900
보톡스(보툴리눔톡신),362320
보톡스(보툴리눔톡신),216080
보톡스(보툴리눔톡신),109740
시멘트/레미콘,006920
시멘트/레미콘,001520
시멘트/레미콘,023410
시멘트/레미콘,255220
시멘트/레미콘,011390
시멘트/레미콘,300720
시멘트/레미콘,183190
시멘트/레미콘,038500
시멘트/레미콘,079650
시멘트/레미콘,037760
시멘트/레미콘,004980
시멘트/레미콘,000910
시멘트/레미콘,225530
시멘트/레미콘,060560
시멘트/레미콘,198440
IT 대표주,005930
IT 대표주,006400
IT 대표주,000660
IT 대표주,066570
IT 대표주,034220
IT 대표주,018260
건설 중소형,091590
건설 중소형,002990
건설 중소형,001260
건설 중소형,042940
건설 중소형,009410
건설 중소형,013580
건설 중소형,025950
건설 중소형,010780
건설 중소형,002290
건설 중소형,046940
건설 중소형,021320
건설 중소형,007680
건설 중소형,011370
건설 중소형,010960
건설 중소형,016250
건설 중소형,003070
건설 중소형,005960
건설 중소형,013120
건설 중소형,013700
건설 중소형,013360
건설 중소형,017000
건설 중소형,014790
건설 중소형,002780
건설 중소형,004960
건설 중소형,035890
건설 중소형,002460
화폐/금융자동화기기(디지털화폐 등),040160
화폐/금융자동화기기(디지털화폐 등),115500
화폐/금융자동화기기(디지털화폐 등),103140
화폐/금융자동화기기(디지털화폐 등),377300
화폐/금융자동화기기(디지털화폐 등),067730
화폐/금융자동화기기(디지털화폐 등),063570
화폐/금융자동화기기(디지털화폐 등),089150
화폐/금융자동화기기(디지털화폐 등),094940
화폐/금융자동화기기(디지털화폐 등),052600
화폐/금융자동화기기(디지털화폐 등),053160
재난/안전(지진/화재 등),228340
재난/안전(지진/화재 등),067170
재난/안전(지진/화재 등),083640
재난/안전(지진/화재 등),493330
재난/안전(지진/화재 등),072130
재난/안전(지진/화재 등),004440
재난/안전(지진/화재 등),054540
재난/안전(지진/화재 등),060370
재난/안전(지진/화재 등),140520
재난/안전(지진/화재 등),028100
재난/안전(지진/화재 등),036640
재난/안전(지진/화재 등),372910
재난/안전(지진/화재 등),023350
재난/안전(지진/화재 등),022220
재난/안전(지진/화재 등),189860
재난/안전(지진/화재 등),039980
재난/안전(지진/화재 등),037440
재난/안전(지진/화재 등),101670
재난/안전(지진/화재 등),089470
재난/안전(지진/화재 등),033540
재난/안전(지진/화재 등),041440
"주류업(주정, 에탄올 등)",000890
"주류업(주정, 에탄올 등)",043650
"주류업(주정, 에탄올 등)",004650
"주류업(주정, 에탄올 등)",023900
"주류업(주정, 에탄올 등)",005300
"주류업(주정, 에탄올 등)",000140
"주류업(주정, 에탄올 등)",018120
"주류업(주정, 에탄올 등)",405920
"주류업(주정, 에탄올 등)",033920
"주류업(주정, 에탄올 등)",017890
"주류업(주정, 에탄올 등)",023150
"주류업(주정, 에탄올 등)",000080
"주류업(주정, 에탄올 등)",276730
마이크로 LED,005930
마이크로 LED,452430
마이크로 LED,143540
마이크로 LED,046890
마이크로 LED,066310
마이크로 LED,066570
마이크로 LED,038060
마이크로 LED,017900
마이크로 LED,418420
마이크로 LED,008290
마이크로 LED,089890
골프,111710
골프,067900
골프,308100
골프,019010
골프,215000
골프,300120
골프,122450
골프,081660
골프,100120
골프,069640
골프,025980
골프,121440
골프,365900
골프,110790
골프,070960
GTX(수도권 광역급행철도),002990
GTX(수도권 광역급행철도),001260
GTX(수도권 광역급행철도),097230
GTX(수도권 광역급행철도),023410
GTX(수도권 광역급행철도),375500
GTX(수도권 광역급행철도),009410
GTX(수도권 광역급행철도),006360
GTX(수도권 광역급행철도),047040
GTX(수도권 광역급행철도),017510
GTX(수도권 광역급행철도),064350
GTX(수도권 광역급행철도),046940
GTX(수도권 광역급행철도),028100
GTX(수도권 광역급행철도),011370
GTX(수도권 광역급행철도),000720
GTX(수도권 광역급행철도),045390
GTX(수도권 광역급행철도),005960
GTX(수도권 광역급행철도),039980
GTX(수도권 광역급행철도),002150
GTX(수도권 광역급행철도),026150
GTX(수도권 광역급행철도),054220
GTX(수도권 광역급행철도),014790
GTX(수도권 광역급행철도),294870
GTX(수도권 광역급행철도),017480
GTX(수도권 광역급행철도),054930
폐기물처리,067900
폐기물처리,009410
폐기물처리,060150
폐기물처리,011370
폐기물처리,004150
수자원(양적/질적 개선),002990
수자원(양적/질적 개선),079000
수자원(양적/질적 개선),043910
수자원(양적/질적 개선),071090
수자원(양적/질적 개선),009410
수자원(양적/질적 개선),019990
수자원(양적/질적 개선),102940
수자원(양적/질적 개선),001390
수자원(양적/질적 개선),060260
수자원(양적/질적 개선),034020
수자원(양적/질적 개선),006360
수자원(양적/질적 개선),047040
수자원(양적/질적 개선),023350
수자원(양적/질적 개선),008970
수자원(양적/질적 개선),000970
수자원(양적/질적 개선),021240
수자원(양적/질적 개선),022220
수자원(양적/질적 개선),003070
수자원(양적/질적 개선),025320
수자원(양적/질적 개선),002150
수자원(양적/질적 개선),054220
수자원(양적/질적 개선),032820
수자원(양적/질적 개선),083660
수자원(양적/질적 개선),028050
수자원(양적/질적 개선),054930
수자원(양적/질적 개선),317870
수자원(양적/질적 개선),076080
日제품 불매운동(수혜),000890
日제품 불매운동(수혜),002070
日제품 불매운동(수혜),005740
日제품 불매운동(수혜),204020
日제품 불매운동(수혜),004540
日제품 불매운동(수혜),013990
日제품 불매운동(수혜),005360
日제품 불매운동(수혜),264900
日제품 불매운동(수혜),012700
日제품 불매운동(수혜),000140
日제품 불매운동(수혜),014100
日제품 불매운동(수혜),001460
日제품 불매운동(수혜),084870
日제품 불매운동(수혜),267790
日제품 불매운동(수혜),250000
日제품 불매운동(수혜),047770
日제품 불매운동(수혜),000080
日제품 불매운동(수혜),101530
日제품 불매운동(수혜),012690
日제품 불매운동(수혜),033340
남북경협,091590
남북경협,001260
남북경협,093240
남북경협,006280
남북경협,058730
남북경협,025860
남북경협,004090
남북경협,026040
남북경협,119850
남북경협,013810
남북경협,001550
남북경협,015760
남북경협,100700
남북경협,023800
남북경협,017800
남북경협,004000
남북경협,007110
남북경협,002100
남북경협,049630
남북경협,014990
남북경협,030960
남북경협,000720
남북경협,009270
남북경협,002150
남북경협,047770
남북경협,033240
남북경협,037440
남북경협,025980
남북경협,033340
LPG(액화석유가스),010950
LPG(액화석유가스),096770
LPG(액화석유가스),024060
LPG(액화석유가스),078930
LPG(액화석유가스),000440
LPG(액화석유가스),014530
LPG(액화석유가스),128820
LPG(액화석유가스),017940
LPG(액화석유가스),018670
항공/저가 항공사(LCC),003490
항공/저가 항공사(LCC),091810
항공/저가 항공사(LCC),020560
항공/저가 항공사(LCC),180640
항공/저가 항공사(LCC),298690
항공/저가 항공사(LCC),272450
항공/저가 항공사(LCC),089590
항공/저가 항공사(LCC),006840
항공/저가 항공사(LCC),004870
고령화 사회(노인복지),067170
고령화 사회(노인복지),005930
고령화 사회(노인복지),174900
고령화 사회(노인복지),950160
고령화 사회(노인복지),001060
고령화 사회(노인복지),041830
고령화 사회(노인복지),033230
고령화 사회(노인복지),032850
고령화 사회(노인복지),115480
고령화 사회(노인복지),047920
고령화 사회(노인복지),460940
고령화 사회(노인복지),039200
고령화 사회(노인복지),051910
고령화 사회(노인복지),005250
고령화 사회(노인복지),078160
고령화 사회(노인복지),071200
고령화 사회(노인복지),100700
고령화 사회(노인복지),032940
고령화 사회(노인복지),066700
고령화 사회(노인복지),099190
고령화 사회(노인복지),038290
고령화 사회(노인복지),119610
고령화 사회(노인복지),220100
고령화 사회(노인복지),003220
고령화 사회(노인복지),060280
고령화 사회(노인복지),004080
고령화 사회(노인복지),032620
고령화 사회(노인복지),006140
고령화 사회(노인복지),065510
고령화 사회(노인복지),043150
고령화 사회(노인복지),039860
고령화 사회(노인복지),100120
고령화 사회(노인복지),085660
고령화 사회(노인복지),052260
고령화 사회(노인복지),059210
냉각시스템(액침냉각 등),067170
냉각시스템(액침냉각 등),010950
냉각시스템(액침냉각 등),096770
냉각시스템(액침냉각 등),078930
냉각시스템(액침냉각 등),012450
냉각시스템(액침냉각 등),107640
냉각시스템(액침냉각 등),034730
냉각시스템(액침냉각 등),066570
냉각시스템(액침냉각 등),083450
냉각시스템(액침냉각 등),053080
냉각시스템(액침냉각 등),036200
냉각시스템(액침냉각 등),396470
냉각시스템(액침냉각 등),060310
의료AI,376900
의료AI,458870
의료AI,127120
의료AI,347700
의료AI,394800
의료AI,041920
의료AI,033230
의료AI,380550
의료AI,419540
의료AI,340810
의료AI,393210
의료AI,223250
의료AI,208370
의료AI,322510
의료AI,354200
의료AI,382150
의료AI,376930
의료AI,388870
의료AI,099750
의료AI,226330
의료AI,384470
의료AI,041020
의료AI,0007C0
의료AI,108860
의료AI,328130
의료AI,084650
의료AI,229000
의료AI,338220
의료AI,288980
의료AI,315640
DMZ 평화공원,006920
DMZ 평화공원,071950
DMZ 평화공원,043910
DMZ 평화공원,005740
DMZ 평화공원,065950
DMZ 평화공원,056080
DMZ 평화공원,020710
DMZ 평화공원,010820
DMZ 평화공원,140520
DMZ 평화공원,069140
DMZ 평화공원,007110
DMZ 평화공원,131180
DMZ 평화공원,004920
DMZ 평화공원,101670
DMZ 평화공원,070960
DMZ 평화공원,196700
DMZ 평화공원,014970
DMZ 평화공원,033170
탈모 치료,376900
탈모 치료,226950
탈모 치료,304840
탈모 치료,006490
탈모 치료,014950
탈모 치료,004310
탈모 치료,389470
탈모 치료,001060
탈모 치료,003850
탈모 치료,069620
탈모 치료,217730
탈모 치료,090370
탈모 치료,002800
탈모 치료,420570
탈모 치료,017180
탈모 치료,277410
탈모 치료,330350
탈모 치료,064550
탈모 치료,378800
탈모 치료,052260
탈모 치료,260660
탈모 치료,118000
탈모 치료,317240
탈모 치료,344860
탈모 치료,377220
탈모 치료,065660
탈모 치료,067290
치매,087010
치매,304840
치매,476830
치매,456160
치매,298380
치매,310210
치매,004310
치매,389470
치매,317690
치매,000100
치매,007390
치매,006620
치매,307750
치매,003850
치매,001360
치매,047920
치매,069620
치매,039200
치매,082270
치매,060590
치매,214260
치매,285130
치매,005500
치매,067080
치매,317450
치매,003060
치매,170900
치매,002800
치매,032300
치매,220100
치매,007370
치매,185750
치매,017180
치매,065650
치매,354200
치매,014570
치매,086890
치매,015860
치매,365270
치매,000220
치매,102460
치매,016580
치매,378800
치매,176750
치매,302550
치매,086040
치매,038460
치매,061250
치매,253840
치매,012690
건설 대표주,028260
건설 대표주,375500
건설 대표주,006360
건설 대표주,047040
건설 대표주,000720
건설 대표주,294870
석유화학,006650
석유화학,011780
석유화학,011170
석유화학,096770
석유화학,051910
석유화학,285130
석유화학,102260
석유화학,011790
석유화학,104480
석유화학,003240
석유화학,145990
석유화학,298000
석유화학,161000
석유화학,025000
석유화학,120110
석유화학,009830
석유화학,005950
석유화학,083420
줄기세포,304360
줄기세포,005690
줄기세포,298060
줄기세포,007390
줄기세포,006620
줄기세포,191420
줄기세포,271980
줄기세포,166480
줄기세포,078160
줄기세포,067630
줄기세포,217730
줄기세포,086820
줄기세포,038290
줄기세포,456070
줄기세포,085660
줄기세포,118000
줄기세포,373110
줄기세포,065660
철도,100660
철도,001260
철도,006050
철도,115500
철도,006340
철도,058610
철도,115440
철도,109080
철도,033100
철도,002690
철도,004440
철도,011390
철도,039570
철도,234300
철도,004020
철도,101170
철도,065530
철도,017510
철도,064350
철도,032560
철도,094940
철도,108380
철도,046940
철도,028100
철도,042370
철도,023350
철도,011370
철도,013030
철도,072950
철도,045390
철도,039980
철도,002150
철도,026150
철도,054220
철도,001780
철도,032820
철도,017480
철도,007610
철도,237750
철도,054930
제약업체,009420
제약업체,207940
제약업체,014950
제약업체,000250
제약업체,128940
제약업체,004310
제약업체,326030
제약업체,249420
제약업체,034940
제약업체,237690
제약업체,086450
제약업체,006280
제약업체,003520
제약업체,018680
제약업체,009290
제약업체,308430
제약업체,019170
제약업체,314140
제약업체,004720
제약업체,000100
제약업체,054670
제약업체,001060
제약업체,006620
제약업체,068760
제약업체,302440
제약업체,307750
제약업체,243070
제약업체,003850
제약업체,299170
제약업체,271980
제약업체,195940
제약업체,001360
제약업체,047920
제약업체,102940
제약업체,069620
제약업체,106190
제약업체,000020
제약업체,000640
제약업체,005500
제약업체,067080
제약업체,317450
제약업체,234690
제약업체,003060
제약업체,012790
제약업체,002390
제약업체,066700
제약업체,291650
제약업체,002720
제약업체,170900
제약업체,007570
제약업체,234080
제약업체,041910
제약업체,011040
제약업체,002800
제약업체,032300
제약업체,033270
제약업체,009300
제약업체,007370
제약업체,950210
제약업체,200780
제약업체,185750
제약업체,003220
제약업체,017180
제약업체,001540
제약업체,023910
제약업체,200230
제약업체,334970
제약업체,214390
제약업체,330350
제약업체,014570
제약업체,293480
제약업체,003000
제약업체,256940
제약업체,000220
제약업체,102460
제약업체,016580
제약업체,000520
제약업체,082800
제약업체,058820
제약업체,003120
제약업체,260660
제약업체,061250
제약업체,204840
제약업체,114450
제약업체,053950
제약업체,067290
렌터카,403550
렌터카,038390
렌터카,381970
렌터카,089860
환율하락 수혜,001790
환율하락 수혜,010950
환율하락 수혜,003490
환율하락 수혜,103140
환율하락 수혜,020560
환율하락 수혜,005490
환율하락 수혜,015760
환율하락 수혜,097950
환율하락 수혜,004020
환율하락 수혜,003010
환율하락 수혜,005880
환율하락 수혜,010130
환율하락 수혜,001680
환율하락 수혜,002680
환율하락 수혜,271560
환율하락 수혜,004370
환율하락 수혜,001130
환율하락 수혜,036460
환율하락 수혜,007310
환율하락 수혜,039130
환율하락 수혜,080160
환율하락 수혜,000070
환율하락 수혜,000080
자원개발,028260
자원개발,065170
자원개발,096770
자원개발,037950
자원개발,078930
자원개발,128820
자원개발,051780
자원개발,011760
자원개발,001120
자원개발,047050
자원개발,065420
자원개발,017390
자원개발,036460
자원개발,001250
의료기기,376900
의료기기,458870
의료기기,042520
의료기기,494120
의료기기,094170
의료기기,141080
의료기기,005930
의료기기,214450
의료기기,290650
의료기기,099430
의료기기,058110
의료기기,117730
의료기기,0120G0
의료기기,122310
의료기기,041920
의료기기,214150
의료기기,317690
의료기기,256840
의료기기,226400
의료기기,439960
의료기기,398120
의료기기,041830
의료기기,0088M0
의료기기,246710
의료기기,380550
의료기기,156100
의료기기,405000
의료기기,036220
의료기기,299170
의료기기,115480
의료기기,419540
의료기기,460940
의료기기,149980
의료기기,049950
의료기기,303360
의료기기,336570
의료기기,335810
의료기기,067630
의료기기,100700
의료기기,032940
의료기기,002390
의료기기,099190
의료기기,491000
의료기기,214430
의료기기,228850
의료기기,119610
의료기기,104540
의료기기,208370
의료기기,322510
의료기기,003220
의료기기,060280
의료기기,004080
의료기기,032620
의료기기,006140
의료기기,065510
의료기기,394420
의료기기,219750
의료기기,462510
의료기기,290660
의료기기,314930
의료기기,340570
의료기기,199550
의료기기,0010V0
의료기기,240550
의료기기,179290
의료기기,043150
의료기기,039860
의료기기,263690
의료기기,100120
의료기기,302550
의료기기,216080
의료기기,384470
의료기기,059210
의료기기,205470
의료기기,098460
의료기기,145720
의료기기,450950
의료기기,118000
의료기기,328130
의료기기,084650
의료기기,338220
의료기기,489460
의료기기,253840
의료기기,206640
의료기기,387570
의료기기,460470
의료기기,039840
의료기기,056090
의료기기,315640
의료기기,225220
의료기기,214680
주유소,010950
주유소,096770
주유소,024060
주유소,025860
주유소,078930
주유소,000440
주유소,014530
주유소,012700
주유소,128820
주유소,357120
주유소,002420
주유소,015890
주유소,267250
주유소,038620
주유소,395400
원격진료/비대면진료(U-Healthcare),458870
원격진료/비대면진료(U-Healthcare),347700
원격진료/비대면진료(U-Healthcare),041830
원격진료/비대면진료(U-Healthcare),033230
원격진료/비대면진료(U-Healthcare),032850
원격진료/비대면진료(U-Healthcare),005250
원격진료/비대면진료(U-Healthcare),078160
원격진료/비대면진료(U-Healthcare),071200
원격진료/비대면진료(U-Healthcare),393210
원격진료/비대면진료(U-Healthcare),263700
원격진료/비대면진료(U-Healthcare),038290
원격진료/비대면진료(U-Healthcare),322510
원격진료/비대면진료(U-Healthcare),032620
원격진료/비대면진료(U-Healthcare),290660
원격진료/비대면진료(U-Healthcare),039860
원격진료/비대면진료(U-Healthcare),099750
원격진료/비대면진료(U-Healthcare),100120
원격진료/비대면진료(U-Healthcare),085660
원격진료/비대면진료(U-Healthcare),131370
원격진료/비대면진료(U-Healthcare),032680
원격진료/비대면진료(U-Healthcare),439580
코로나19(진단/치료제/백신 개발 등),087010
코로나19(진단/치료제/백신 개발 등),127120
코로나19(진단/치료제/백신 개발 등),141080
코로나19(진단/치료제/백신 개발 등),174900
코로나19(진단/치료제/백신 개발 등),005690
코로나19(진단/치료제/백신 개발 등),038530
코로나19(진단/치료제/백신 개발 등),249420
코로나19(진단/치료제/백신 개발 등),048870
코로나19(진단/치료제/백신 개발 등),041960
코로나19(진단/치료제/백신 개발 등),389470
코로나19(진단/치료제/백신 개발 등),261780
코로나19(진단/치료제/백신 개발 등),317690
코로나19(진단/치료제/백신 개발 등),019170
코로나19(진단/치료제/백신 개발 등),256840
코로나19(진단/치료제/백신 개발 등),004720
코로나19(진단/치료제/백신 개발 등),007390
코로나19(진단/치료제/백신 개발 등),001060
코로나19(진단/치료제/백신 개발 등),302440
코로나19(진단/치료제/백신 개발 등),307750
코로나19(진단/치료제/백신 개발 등),036220
코로나19(진단/치료제/백신 개발 등),243070
코로나19(진단/치료제/백신 개발 등),271980
코로나19(진단/치료제/백신 개발 등),214370
코로나19(진단/치료제/백신 개발 등),206650
코로나19(진단/치료제/백신 개발 등),003090
코로나19(진단/치료제/백신 개발 등),069620
코로나19(진단/치료제/백신 개발 등),348080
코로나19(진단/치료제/백신 개발 등),203400
코로나19(진단/치료제/백신 개발 등),060590
코로나19(진단/치료제/백신 개발 등),335810
코로나19(진단/치료제/백신 개발 등),238120
코로나19(진단/치료제/백신 개발 등),048410
코로나19(진단/치료제/백신 개발 등),217730
코로나19(진단/치료제/백신 개발 등),299660
코로나19(진단/치료제/백신 개발 등),048530
코로나19(진단/치료제/백신 개발 등),311690
코로나19(진단/치료제/백신 개발 등),305090
코로나19(진단/치료제/백신 개발 등),137310
코로나19(진단/치료제/백신 개발 등),293780
코로나19(진단/치료제/백신 개발 등),053980
코로나19(진단/치료제/백신 개발 등),038290
코로나19(진단/치료제/백신 개발 등),032300
코로나19(진단/치료제/백신 개발 등),377740
코로나19(진단/치료제/백신 개발 등),228760
코로나19(진단/치료제/백신 개발 등),200780
코로나19(진단/치료제/백신 개발 등),185750
코로나19(진단/치료제/백신 개발 등),289080
코로나19(진단/치료제/백신 개발 등),096530
코로나19(진단/치료제/백신 개발 등),142280
코로나19(진단/치료제/백신 개발 등),363250
코로나19(진단/치료제/백신 개발 등),153710
코로나19(진단/치료제/백신 개발 등),185490
코로나19(진단/치료제/백신 개발 등),354200
코로나19(진단/치료제/백신 개발 등),221800
코로나19(진단/치료제/백신 개발 등),950130
코로나19(진단/치료제/백신 개발 등),039860
코로나19(진단/치료제/백신 개발 등),064550
코로나19(진단/치료제/백신 개발 등),378800
코로나19(진단/치료제/백신 개발 등),331920
코로나19(진단/치료제/백신 개발 등),950200
코로나19(진단/치료제/백신 개발 등),101140
코로나19(진단/치료제/백신 개발 등),109820
코로나19(진단/치료제/백신 개발 등),205470
코로나19(진단/치료제/백신 개발 등),187420
코로나19(진단/치료제/백신 개발 등),286750
코로나19(진단/치료제/백신 개발 등),038460
코로나19(진단/치료제/백신 개발 등),118000
코로나19(진단/치료제/백신 개발 등),084650
코로나19(진단/치료제/백신 개발 등),253840
코로나19(진단/치료제/백신 개발 등),206640
코로나19(진단/치료제/백신 개발 등),192650
코로나19(진단/치료제/백신 개발 등),011000
코로나19(진단/치료제/백신 개발 등),225220
육계,290720
육계,195500
육계,066360
육계,339770
육계,027710
육계,035810
육계,136480
육계,088910
육계,027740
타이어,011780
타이어,298020
타이어,073240
타이어,298050
타이어,005720
타이어,000240
타이어,002350
타이어,120110
타이어,161390
제대혈,006280
제대혈,078160
제대혈,217730
제대혈,144510
제대혈,085660
조선기자재,413630
조선기자재,443060
조선기자재,075580
조선기자재,033500
조선기자재,355690
조선기자재,017960
조선기자재,096350
조선기자재,012210
조선기자재,099410
조선기자재,333430
조선기자재,014940
조선기자재,054540
조선기자재,086670
조선기자재,460930
조선기자재,085310
조선기자재,071970
조선기자재,108380
조선기자재,073010
조선기자재,133820
조선기자재,064820
조선기자재,013030
조선기자재,077970
조선기자재,120030
조선기자재,100090
조선기자재,474170
조선기자재,101000
조선기자재,044490
조선기자재,382900
조선기자재,023160
조선기자재,103230
조선기자재,217590
조선기자재,0008Z0
조선기자재,092460
조선기자재,082740
조선기자재,101930
조선기자재,014620
겨울,008470
겨울,128940
겨울,006280
겨울,009290
겨울,000100
겨울,002700
겨울,117580
겨울,009450
겨울,000020
겨울,071320
겨울,215000
겨울,015360
겨울,053050
겨울,267290
겨울,004690
겨울,016710
겨울,017390
겨울,034590
겨울,036460
겨울,005610
겨울,111770
겨울,037070
피지컬 AI/휴머노이드 로봇,000850
피지컬 AI/휴머노이드 로봇,005930
피지컬 AI/휴머노이드 로봇,466100
피지컬 AI/휴머노이드 로봇,475400
피지컬 AI/휴머노이드 로봇,199430
피지컬 AI/휴머노이드 로봇,117730
피지컬 AI/휴머노이드 로봇,348340
피지컬 AI/휴머노이드 로봇,459510
피지컬 AI/휴머노이드 로봇,389500
피지컬 AI/휴머노이드 로봇,437730
피지컬 AI/휴머노이드 로봇,011210
피지컬 AI/휴머노이드 로봇,277810
피지컬 AI/휴머노이드 로봇,059120
피지컬 AI/휴머노이드 로봇,056080
피지컬 AI/휴머노이드 로봇,264850
피지컬 AI/휴머노이드 로봇,022100
피지컬 AI/휴머노이드 로봇,000270
피지컬 AI/휴머노이드 로봇,066570
피지컬 AI/휴머노이드 로봇,101170
피지컬 AI/휴머노이드 로봇,108490
피지컬 AI/휴머노이드 로봇,086280
피지컬 AI/휴머노이드 로봇,267320
피지컬 AI/휴머노이드 로봇,140670
피지컬 AI/휴머노이드 로봇,377480
피지컬 AI/휴머노이드 로봇,005380
피지컬 AI/휴머노이드 로봇,241690
피지컬 AI/휴머노이드 로봇,012330
피지컬 AI/휴머노이드 로봇,125490
피지컬 AI/휴머노이드 로봇,298830
피지컬 AI/휴머노이드 로봇,307950
피지컬 AI/휴머노이드 로봇,448900
피지컬 AI/휴머노이드 로봇,086960
피지컬 AI/휴머노이드 로봇,264450
피지컬 AI/휴머노이드 로봇,355390
피지컬 AI/휴머노이드 로봇,464080
피지컬 AI/휴머노이드 로봇,061090
피지컬 AI/휴머노이드 로봇,0007C0
피지컬 AI/휴머노이드 로봇,286940
피지컬 AI/휴머노이드 로봇,432470
피지컬 AI/휴머노이드 로봇,307180
피지컬 AI/휴머노이드 로봇,011070
피지컬 AI/휴머노이드 로봇,234030
유전자 치료제/분석,127120
유전자 치료제/분석,476830
유전자 치료제/분석,174900
유전자 치료제/분석,215600
유전자 치료제/분석,199800
유전자 치료제/분석,321550
유전자 치료제/분석,394800
유전자 치료제/분석,006280
유전자 치료제/분석,084990
유전자 치료제/분석,461030
유전자 치료제/분석,372320
유전자 치료제/분석,0082N0
유전자 치료제/분석,314130
유전자 치료제/분석,102940
유전자 치료제/분석,095700
유전자 치료제/분석,311690
유전자 치료제/분석,066700
유전자 치료제/분석,137310
유전자 치료제/분석,389030
유전자 치료제/분석,038290
유전자 치료제/분석,228760
유전자 치료제/분석,456070
유전자 치료제/분석,096530
유전자 치료제/분석,308080
유전자 치료제/분석,348150
유전자 치료제/분석,363250
유전자 치료제/분석,354200
유전자 치료제/분석,950130
유전자 치료제/분석,064550
유전자 치료제/분석,331920
유전자 치료제/분석,950200
유전자 치료제/분석,226330
유전자 치료제/분석,083790
유전자 치료제/분석,340450
유전자 치료제/분석,046210
유전자 치료제/분석,187420
유전자 치료제/분석,092040
유전자 치료제/분석,084650
유전자 치료제/분석,229000
유전자 치료제/분석,373110
유전자 치료제/분석,011000
유전자 치료제/분석,225220
마스크,001520
마스크,002070
마스크,034940
마스크,086450
마스크,294140
마스크,001060
마스크,004540
마스크,013990
마스크,083550
마스크,065950
마스크,108230
마스크,002720
마스크,372910
마스크,014100
마스크,042040
마스크,047770
마스크,263020
마스크,018250
마스크,079980
마스크,352700
마스크,012690
마스크,045520
모듈러주택,028260
모듈러주택,043910
모듈러주택,005490
모듈러주택,006360
모듈러주택,475230
모듈러주택,014280
모듈러주택,003070
모듈러주택,109610
모듈러주택,090410
모듈러주택,004960
전후 재건(우크라/중동 전쟁 등),100660
전후 재건(우크라/중동 전쟁 등),192410
전후 재건(우크라/중동 전쟁 등),028260
전후 재건(우크라/중동 전쟁 등),375500
전후 재건(우크라/중동 전쟁 등),058730
전후 재건(우크라/중동 전쟁 등),210540
전후 재건(우크라/중동 전쟁 등),332290
전후 재건(우크라/중동 전쟁 등),255220
전후 재건(우크라/중동 전쟁 등),013810
전후 재건(우크라/중동 전쟁 등),020400
전후 재건(우크라/중동 전쟁 등),006360
전후 재건(우크라/중동 전쟁 등),047040
전후 재건(우크라/중동 전쟁 등),003010
전후 재건(우크라/중동 전쟁 등),215790
전후 재건(우크라/중동 전쟁 등),053160
전후 재건(우크라/중동 전쟁 등),010820
전후 재건(우크라/중동 전쟁 등),108380
전후 재건(우크라/중동 전쟁 등),011760
전후 재건(우크라/중동 전쟁 등),047050
전후 재건(우크라/중동 전쟁 등),002900
전후 재건(우크라/중동 전쟁 등),163560
전후 재건(우크라/중동 전쟁 등),000720
전후 재건(우크라/중동 전쟁 등),039980
전후 재건(우크라/중동 전쟁 등),317850
전후 재건(우크라/중동 전쟁 등),023960
전후 재건(우크라/중동 전쟁 등),000490
전후 재건(우크라/중동 전쟁 등),002150
전후 재건(우크라/중동 전쟁 등),079900
전후 재건(우크라/중동 전쟁 등),365330
전후 재건(우크라/중동 전쟁 등),039560
전후 재건(우크라/중동 전쟁 등),008830
전후 재건(우크라/중동 전쟁 등),109610
전후 재건(우크라/중동 전쟁 등),028050
전후 재건(우크라/중동 전쟁 등),037440
전후 재건(우크라/중동 전쟁 등),019770
전후 재건(우크라/중동 전쟁 등),267270
전후 재건(우크라/중동 전쟁 등),017550
전후 재건(우크라/중동 전쟁 등),054930
전후 재건(우크라/중동 전쟁 등),033540
전후 재건(우크라/중동 전쟁 등),041440
콜드체인(저온 유통),014130
콜드체인(저온 유통),131220
콜드체인(저온 유통),119830
콜드체인(저온 유통),096350
콜드체인(저온 유통),000640
콜드체인(저온 유통),115450
콜드체인(저온 유통),083450
콜드체인(저온 유통),068330
콜드체인(저온 유통),144510
콜드체인(저온 유통),246960
콜드체인(저온 유통),006890
콜드체인(저온 유통),038070
조선,097230
조선,439260
조선,042660
조선,010140
조선,009540
조선,329180
조선,023790
항공기부품,003490
항공기부품,017960
항공기부품,079550
항공기부품,011210
항공기부품,047810
항공기부품,012450
항공기부품,034020
항공기부품,067390
항공기부품,221840
항공기부품,005870
항공기부품,274090
항공기부품,288180
항공기부품,215090
항공기부품,095190
항공기부품,046120
방위산업/전쟁 및 테러,097230
방위산업/전쟁 및 테러,006050
방위산업/전쟁 및 테러,003490
방위산업/전쟁 및 테러,035460
방위산업/전쟁 및 테러,103140
방위산업/전쟁 및 테러,005810
방위산업/전쟁 및 테러,274400
방위산업/전쟁 및 테러,327260
방위산업/전쟁 및 테러,474610
방위산업/전쟁 및 테러,310870
방위산업/전쟁 및 테러,437730
방위산업/전쟁 및 테러,040300
방위산업/전쟁 및 테러,218410
방위산업/전쟁 및 테러,079550
방위산업/전쟁 및 테러,011210
방위산업/전쟁 및 테러,084850
방위산업/전쟁 및 테러,065950
방위산업/전쟁 및 테러,012210
방위산업/전쟁 및 테러,099320
방위산업/전쟁 및 테러,0015G0
방위산업/전쟁 및 테러,095270
방위산업/전쟁 및 테러,047810
방위산업/전쟁 및 테러,024740
방위산업/전쟁 및 테러,361390
방위산업/전쟁 및 테러,042660
방위산업/전쟁 및 테러,012450
방위산업/전쟁 및 테러,013810
방위산업/전쟁 및 테러,484870
방위산업/전쟁 및 테러,448710
방위산업/전쟁 및 테러,000270
방위산업/전쟁 및 테러,289930
방위산업/전쟁 및 테러,065450
방위산업/전쟁 및 테러,003010
방위산업/전쟁 및 테러,064350
방위산업/전쟁 및 테러,009540
방위산업/전쟁 및 테러,005870
방위산업/전쟁 및 테러,090080
방위산업/전쟁 및 테러,274090
방위산업/전쟁 및 테러,214430
방위산업/전쟁 및 테러,321370
방위산업/전쟁 및 테러,003570
방위산업/전쟁 및 테러,010820
방위산업/전쟁 및 테러,272210
방위산업/전쟁 및 테러,108380
방위산업/전쟁 및 테러,288180
방위산업/전쟁 및 테러,042370
방위산업/전쟁 및 테러,372910
방위산업/전쟁 및 테러,081180
방위산업/전쟁 및 테러,010170
방위산업/전쟁 및 테러,064960
방위산업/전쟁 및 테러,215090
방위산업/전쟁 및 테러,077360
방위산업/전쟁 및 테러,077970
방위산업/전쟁 및 테러,129920
방위산업/전쟁 및 테러,088800
방위산업/전쟁 및 테러,032820
방위산업/전쟁 및 테러,119500
방위산업/전쟁 및 테러,082920
방위산업/전쟁 및 테러,015710
방위산업/전쟁 및 테러,095190
방위산업/전쟁 및 테러,010280
방위산업/전쟁 및 테러,140430
방위산업/전쟁 및 테러,000880
방위산업/전쟁 및 테러,484590
방위산업/전쟁 및 테러,377330
방위산업/전쟁 및 테러,368770
방위산업/전쟁 및 테러,096630
공기청정기,067170
공기청정기,005930
공기청정기,058610
공기청정기,002700
공기청정기,066570
공기청정기,021240
공기청정기,284740
공기청정기,044340
공기청정기,068100
공기청정기,352700
공기청정기,043260
공기청정기,045520
2025 하반기 신규상장,494120
2025 하반기 신규상장,462310
2025 하반기 신규상장,476830
2025 하반기 신규상장,331740
2025 하반기 신규상장,014950
2025 하반기 신규상장,456160
2025 하반기 신규상장,0009K0
2025 하반기 신규상장,468530
2025 하반기 신규상장,318060
2025 하반기 신규상장,439260
2025 하반기 신규상장,380550
2025 하반기 신규상장,464490
2025 하반기 신규상장,463020
2025 하반기 신규상장,012210
2025 하반기 신규상장,0015G0
2025 하반기 신규상장,484120
2025 하반기 신규상장,469610
2025 하반기 신규상장,488900
2025 하반기 신규상장,317450
2025 하반기 신규상장,0015N0
2025 하반기 신규상장,475230
2025 하반기 신규상장,478340
2025 하반기 신규상장,491000
2025 하반기 신규상장,486990
2025 하반기 신규상장,490470
2025 하반기 신규상장,0030R0
2025 하반기 신규상장,950250
2025 하반기 신규상장,342870
2025 하반기 신규상장,0010V0
2025 하반기 신규상장,125490
2025 하반기 신규상장,0013V0
2025 하반기 신규상장,0015S0
2025 하반기 신규상장,397810
2025 하반기 신규상장,388210
2025 하반기 신규상장,061090
2025 하반기 신규상장,217590
2025 하반기 신규상장,0007C0
2025 하반기 신규상장,261520
2025 하반기 신규상장,488280
2025 하반기 신규상장,484590
2025 하반기 신규상장,403850
2025 하반기 신규상장,0008Z0
2025 하반기 신규상장,459550
2025 하반기 신규상장,234030
아스콘(아스팔트 콘크리트),023410
아스콘(아스팔트 콘크리트),004090
아스콘(아스팔트 콘크리트),255220
아스콘(아스팔트 콘크리트),013810
아스콘(아스팔트 콘크리트),014530
아스콘(아스팔트 콘크리트),048830
아스콘(아스팔트 콘크리트),031820
아스콘(아스팔트 콘크리트),225530
아스콘(아스팔트 콘크리트),060560
스마트홈(홈네트워크),005930
스마트홈(홈네트워크),040160
스마트홈(홈네트워크),032790
스마트홈(홈네트워크),038680
스마트홈(홈네트워크),009450
스마트홈(홈네트워크),079430
스마트홈(홈네트워크),012750
스마트홈(홈네트워크),039570
스마트홈(홈네트워크),017670
스마트홈(홈네트워크),022100
스마트홈(홈네트워크),066570
스마트홈(홈네트워크),199820
스마트홈(홈네트워크),039010
스마트홈(홈네트워크),317400
스마트홈(홈네트워크),002230
스마트홈(홈네트워크),030200
스마트홈(홈네트워크),091440
스마트홈(홈네트워크),065770
스마트홈(홈네트워크),032640
스마트홈(홈네트워크),015710
스마트홈(홈네트워크),044340
스마트홈(홈네트워크),479960
스마트홈(홈네트워크),057540
철강 주요종목,005490
철강 주요종목,002240
철강 주요종목,306200
철강 주요종목,004020
철강 주요종목,058430
철강 주요종목,016380
철강 주요종목,084010
철강 주요종목,460850
철강 주요종목,460860
철강 주요종목,104700
철강 주요종목,001430
코로나19(음압병실/음압구급차),067170
코로나19(음압병실/음압구급차),215380
코로나19(음압병실/음압구급차),067570
코로나19(음압병실/음압구급차),109610
코로나19(음압병실/음압구급차),011930
코로나19(음압병실/음압구급차),053080
코로나19(음압병실/음압구급차),130500
밸류업(25년 기업가치 제고계획 발표),290650
밸류업(25년 기업가치 제고계획 발표),068270
밸류업(25년 기업가치 제고계획 발표),128940
밸류업(25년 기업가치 제고계획 발표),011780
밸류업(25년 기업가치 제고계획 발표),010950
밸류업(25년 기업가치 제고계획 발표),319660
밸류업(25년 기업가치 제고계획 발표),003490
밸류업(25년 기업가치 제고계획 발표),237690
밸류업(25년 기업가치 제고계획 발표),003230
밸류업(25년 기업가치 제고계획 발표),180640
밸류업(25년 기업가치 제고계획 발표),042700
밸류업(25년 기업가치 제고계획 발표),298020
밸류업(25년 기업가치 제고계획 발표),031980
밸류업(25년 기업가치 제고계획 발표),001060
밸류업(25년 기업가치 제고계획 발표),014680
밸류업(25년 기업가치 제고계획 발표),008930
밸류업(25년 기업가치 제고계획 발표),328380
밸류업(25년 기업가치 제고계획 발표),396270
밸류업(25년 기업가치 제고계획 발표),001390
밸류업(25년 기업가치 제고계획 발표),039200
밸류업(25년 기업가치 제고계획 발표),126560
밸류업(25년 기업가치 제고계획 발표),047810
밸류업(25년 기업가치 제고계획 발표),054950
밸류업(25년 기업가치 제고계획 발표),078930
밸류업(25년 기업가치 제고계획 발표),150900
밸류업(25년 기업가치 제고계획 발표),011200
밸류업(25년 기업가치 제고계획 발표),012450
밸류업(25년 기업가치 제고계획 발표),001530
밸류업(25년 기업가치 제고계획 발표),234300
밸류업(25년 기업가치 제고계획 발표),024720
밸류업(25년 기업가치 제고계획 발표),221840
밸류업(25년 기업가치 제고계획 발표),004490
밸류업(25년 기업가치 제고계획 발표),016380
밸류업(25년 기업가치 제고계획 발표),003540
밸류업(25년 기업가치 제고계획 발표),030190
밸류업(25년 기업가치 제고계획 발표),014820
밸류업(25년 기업가치 제고계획 발표),017810
밸류업(25년 기업가치 제고계획 발표),002380
밸류업(25년 기업가치 제고계획 발표),078340
밸류업(25년 기업가치 제고계획 발표),272210
밸류업(25년 기업가치 제고계획 발표),035000
밸류업(25년 기업가치 제고계획 발표),122450
밸류업(25년 기업가치 제고계획 발표),357780
밸류업(25년 기업가치 제고계획 발표),282330
밸류업(25년 기업가치 제고계획 발표),215200
밸류업(25년 기업가치 제고계획 발표),383220
밸류업(25년 기업가치 제고계획 발표),402340
밸류업(25년 기업가치 제고계획 발표),056190
밸류업(25년 기업가치 제고계획 발표),090850
밸류업(25년 기업가치 제고계획 발표),064760
밸류업(25년 기업가치 제고계획 발표),200130
밸류업(25년 기업가치 제고계획 발표),236200
밸류업(25년 기업가치 제고계획 발표),000990
밸류업(25년 기업가치 제고계획 발표),241690
밸류업(25년 기업가치 제고계획 발표),008500
밸류업(25년 기업가치 제고계획 발표),021240
밸류업(25년 기업가치 제고계획 발표),271560
밸류업(25년 기업가치 제고계획 발표),000720
밸류업(25년 기업가치 제고계획 발표),033920
밸류업(25년 기업가치 제고계획 발표),051600
밸류업(25년 기업가치 제고계획 발표),017890
밸류업(25년 기업가치 제고계획 발표),001500
밸류업(25년 기업가치 제고계획 발표),376930
밸류업(25년 기업가치 제고계획 발표),004370
밸류업(25년 기업가치 제고계획 발표),007660
밸류업(25년 기업가치 제고계획 발표),124560
밸류업(25년 기업가치 제고계획 발표),138040
밸류업(25년 기업가치 제고계획 발표),316140
밸류업(25년 기업가치 제고계획 발표),192820
밸류업(25년 기업가치 제고계획 발표),030200
밸류업(25년 기업가치 제고계획 발표),139480
밸류업(25년 기업가치 제고계획 발표),259630
밸류업(25년 기업가치 제고계획 발표),005830
밸류업(25년 기업가치 제고계획 발표),183300
밸류업(25년 기업가치 제고계획 발표),071050
밸류업(25년 기업가치 제고계획 발표),034230
밸류업(25년 기업가치 제고계획 발표),055550
밸류업(25년 기업가치 제고계획 발표),000810
밸류업(25년 기업가치 제고계획 발표),111770
밸류업(25년 기업가치 제고계획 발표),161390
밸류업(25년 기업가치 제고계획 발표),031210
밸류업(25년 기업가치 제고계획 발표),068930
밸류업(25년 기업가치 제고계획 발표),009970
밸류업(25년 기업가치 제고계획 발표),067310
밸류업(25년 기업가치 제고계획 발표),175330
2차전지(나트륨이온),086520
2차전지(나트륨이온),006400
2차전지(나트륨이온),247540
2차전지(나트륨이온),373220
2차전지(나트륨이온),267320
2차전지(나트륨이온),092200
2차전지(나트륨이온),161000
2차전지(나트륨이온),393890
2차전지(나트륨이온),446540
종합상사,028260
종합상사,298020
종합상사,011760
종합상사,001120
종합상사,047050
종합상사,003070
종합상사,001740
종합상사,001250
양자암호/양자컴퓨팅,356680
양자암호/양자컴퓨팅,115500
양자암호/양자컴퓨팅,062970
양자암호/양자컴퓨팅,223310
양자암호/양자컴퓨팅,115440
양자암호/양자컴퓨팅,158430
양자암호/양자컴퓨팅,066310
양자암호/양자컴퓨팅,317120
양자암호/양자컴퓨팅,232830
양자암호/양자컴퓨팅,056360
양자암호/양자컴퓨팅,017670
양자암호/양자컴퓨팅,203650
양자암호/양자컴퓨팅,456010
양자암호/양자컴퓨팅,208710
양자암호/양자컴퓨팅,046970
양자암호/양자컴퓨팅,054920
양자암호/양자컴퓨팅,131760
양자암호/양자컴퓨팅,030200
양자암호/양자컴퓨팅,091440
양자암호/양자컴퓨팅,053300
양자암호/양자컴퓨팅,032640
양자암호/양자컴퓨팅,050890
양자암호/양자컴퓨팅,009580
양자암호/양자컴퓨팅,042510
양자암호/양자컴퓨팅,172670
양자암호/양자컴퓨팅,123010
통신장비,192410
통신장비,109070
통신장비,388790
통신장비,035460
통신장비,175140
통신장비,138080
통신장비,062970
통신장비,170790
통신장비,327260
통신장비,115440
통신장비,189300
통신장비,109080
통신장비,218410
통신장비,095270
통신장비,088280
통신장비,056360
통신장비,340360
통신장비,289930
통신장비,065530
통신장비,211270
통신장비,060370
통신장비,032500
통신장비,321370
통신장비,215790
통신장비,073540
통신장비,200230
통신장비,049080
통신장비,072950
통신장비,069540
통신장비,046970
통신장비,088800
통신장비,078890
통신장비,091440
통신장비,039560
통신장비,230240
통신장비,264450
통신장비,065770
통신장비,073490
통신장비,050890
통신장비,148250
통신장비,217590
통신장비,100590
통신장비,033790
통신장비,178320
통신장비,389020
통신장비,037460
지능형로봇/인공지능(AI),466100
지능형로봇/인공지능(AI),041460
지능형로봇/인공지능(AI),090360
지능형로봇/인공지능(AI),239340
지능형로봇/인공지능(AI),475400
지능형로봇/인공지능(AI),388720
지능형로봇/인공지능(AI),143540
지능형로봇/인공지능(AI),117730
지능형로봇/인공지능(AI),303530
지능형로봇/인공지능(AI),096250
지능형로봇/인공지능(AI),175140
지능형로봇/인공지능(AI),299170
지능형로봇/인공지능(AI),290090
지능형로봇/인공지능(AI),463020
지능형로봇/인공지능(AI),477850
지능형로봇/인공지능(AI),460940
지능형로봇/인공지능(AI),291810
지능형로봇/인공지능(AI),217500
지능형로봇/인공지능(AI),402030
지능형로봇/인공지능(AI),419120
지능형로봇/인공지능(AI),056080
지능형로봇/인공지능(AI),012450
지능형로봇/인공지능(AI),049950
지능형로봇/인공지능(AI),340810
지능형로봇/인공지능(AI),066570
지능형로봇/인공지능(AI),300120
지능형로봇/인공지능(AI),108490
지능형로봇/인공지능(AI),455900
지능형로봇/인공지능(AI),304100
지능형로봇/인공지능(AI),189330
지능형로봇/인공지능(AI),301300
지능형로봇/인공지능(AI),099440
지능형로봇/인공지능(AI),090710
지능형로봇/인공지능(AI),486990
지능형로봇/인공지능(AI),010820
지능형로봇/인공지능(AI),270660
지능형로봇/인공지능(AI),377480
지능형로봇/인공지능(AI),060280
지능형로봇/인공지능(AI),215100
지능형로봇/인공지능(AI),290660
지능형로봇/인공지능(AI),417860
지능형로봇/인공지능(AI),389680
지능형로봇/인공지능(AI),205100
지능형로봇/인공지능(AI),347860
지능형로봇/인공지능(AI),250060
지능형로봇/인공지능(AI),125490
지능형로봇/인공지능(AI),219420
지능형로봇/인공지능(AI),078890
지능형로봇/인공지능(AI),148780
지능형로봇/인공지능(AI),018260
지능형로봇/인공지능(AI),049480
지능형로봇/인공지능(AI),263800
지능형로봇/인공지능(AI),452450
지능형로봇/인공지능(AI),355390
지능형로봇/인공지능(AI),413640
지능형로봇/인공지능(AI),098460
지능형로봇/인공지능(AI),286940
지능형로봇/인공지능(AI),108860
지능형로봇/인공지능(AI),488280
지능형로봇/인공지능(AI),058970
지능형로봇/인공지능(AI),065370
지능형로봇/인공지능(AI),444530
지능형로봇/인공지능(AI),288980
지능형로봇/인공지능(AI),099390
지능형로봇/인공지능(AI),033640
지능형로봇/인공지능(AI),321820
토스(toss),041460
토스(toss),084680
토스(toss),020180
토스(toss),003530
토스(toss),086790
토스(toss),236810
마이코플라스마 폐렴,058110
마이코플라스마 폐렴,009290
마이코플라스마 폐렴,004720
마이코플라스마 폐렴,307750
마이코플라스마 폐렴,048530
마이코플라스마 폐렴,002720
마이코플라스마 폐렴,011040
마이코플라스마 폐렴,330350
마이코플라스마 폐렴,950130
마이코플라스마 폐렴,180400
마이코플라스마 폐렴,229000
마이코플라스마 폐렴,253840
애플페이,373200
애플페이,035600
애플페이,034310
애플페이,025770
애플페이,065440
애플페이,036800
애플페이,060250
애플페이,046440
출산장려정책,900270
출산장려정책,462310
출산장려정책,004540
출산장려정책,068290
출산장려정책,013990
출산장려정책,072130
출산장려정책,407400
출산장려정책,092730
출산장려정책,435570
출산장려정책,014100
출산장려정책,095720
출산장려정책,019680
출산장려정책,003920
출산장려정책,002450
출산장려정책,159580
출산장려정책,267980
출산장려정책,036000
출산장려정책,403850
출산장려정책,317530
출산장려정책,487580
출산장려정책,012690
출산장려정책,419530
출산장려정책,215480
사료,001790
사료,353810
사료,008040
사료,060590
사료,002140
사료,027710
사료,035810
사료,005860
사료,025880
사료,002680
사료,136490
사료,218150
사료,179530
사료,006980
사료,018620
사료,036580
사료,003310
사료,368970
우주항공산업(누리호/인공위성 등),347700
우주항공산업(누리호/인공위성 등),003490
우주항공산업(누리호/인공위성 등),451760
우주항공산업(누리호/인공위성 등),272290
우주항공산업(누리호/인공위성 등),189300
우주항공산업(누리호/인공위성 등),079550
우주항공산업(누리호/인공위성 등),099320
우주항공산업(누리호/인공위성 등),0015G0
우주항공산업(누리호/인공위성 등),047810
우주항공산업(누리호/인공위성 등),361390
우주항공산업(누리호/인공위성 등),012450
우주항공산업(누리호/인공위성 등),089980
우주항공산업(누리호/인공위성 등),488900
우주항공산업(누리호/인공위성 등),064350
우주항공산업(누리호/인공위성 등),211270
우주항공산업(누리호/인공위성 등),478340
우주항공산업(누리호/인공위성 등),294630
우주항공산업(누리호/인공위성 등),274090
우주항공산업(누리호/인공위성 등),321370
우주항공산업(누리호/인공위성 등),010820
우주항공산업(누리호/인공위성 등),272210
우주항공산업(누리호/인공위성 등),288180
우주항공산업(누리호/인공위성 등),042370
우주항공산업(누리호/인공위성 등),056190
우주항공산업(누리호/인공위성 등),045100
우주항공산업(누리호/인공위성 등),077360
우주항공산업(누리호/인공위성 등),295310
우주항공산업(누리호/인공위성 등),462350
우주항공산업(누리호/인공위성 등),007660
우주항공산업(누리호/인공위성 등),474170
우주항공산업(누리호/인공위성 등),044490
우주항공산업(누리호/인공위성 등),001430
우주항공산업(누리호/인공위성 등),225190
우주항공산업(누리호/인공위성 등),000880
우주항공산업(누리호/인공위성 등),354320
우주항공산업(누리호/인공위성 등),368770
우주항공산업(누리호/인공위성 등),030520
여름,000890
여름,067170
여름,002700
여름,093370
여름,025860
여름,005180
여름,001550
여름,001530
여름,027710
여름,005300
여름,035810
여름,043340
여름,280360
여름,021240
여름,267790
여름,042110
여름,006890
여름,136480
여름,088910
여름,051900
여름,027740
여름,284740
여름,044340
여름,000080
여름,071840
여름,060310
여름,037070
여름,276730
탄소나노튜브(CNT),011780
탄소나노튜브(CNT),051910
탄소나노튜브(CNT),049480
탄소나노튜브(CNT),418550
탄소나노튜브(CNT),027580
제습기,005930
제습기,058610
제습기,002700
제습기,066570
제습기,021240
제습기,284740
제습기,044340
제습기,037070
NI(네트워크통합),038680
NI(네트워크통합),033230
NI(네트워크통합),042500
NI(네트워크통합),173130
NI(네트워크통합),029480
NI(네트워크통합),031820
NI(네트워크통합),049480
자동차 대표주,204320
자동차 대표주,011210
자동차 대표주,000270
자동차 대표주,003620
자동차 대표주,005380
자동차 대표주,012330
자동차 대표주,018880
2차전지(LFP/리튬인산철),096770
2차전지(LFP/리튬인산철),282880
2차전지(LFP/리튬인산철),018290
2차전지(LFP/리튬인산철),066970
2차전지(LFP/리튬인산철),373220
2차전지(LFP/리튬인산철),037370
2차전지(LFP/리튬인산철),222080
2차전지(LFP/리튬인산철),360070
2차전지(LFP/리튬인산철),054300
2차전지(LFP/리튬인산철),125210
2차전지(LFP/리튬인산철),037030
2차전지(LFP/리튬인산철),032680
2026 상반기 신규상장,493280
2026 상반기 신규상장,0082N0
2026 상반기 신규상장,0088M0
2026 상반기 신규상장,439960
2026 상반기 신규상장,0011A0
2026 상반기 신규상장,0011T0
2026 상반기 신규상장,493330
2026 상반기 신규상장,477850
2026 상반기 신규상장,458350
2026 상반기 신규상장,288180
2026 상반기 신규상장,0001A0
2026 상반기 신규상장,394420
2026 상반기 신규상장,0004V0
2026 상반기 신규상장,0010F0
2026 상반기 신규상장,0007J0
2026 상반기 신규상장,0117P0
2026 상반기 신규상장,0017J0
2026 상반기 신규상장,279570
2026 상반기 신규상장,487580
2026 상반기 신규상장,408470
수산,014710
수산,025870
수산,030720
수산,006040
수산,006090
수산,007160
수산,003680
수산,011150
수산,004970
수산,003960
LNG(액화천연가스),097230
LNG(액화천연가스),033500
LNG(액화천연가스),005490
LNG(액화천연가스),017960
LNG(액화천연가스),096350
LNG(액화천연가스),078930
LNG(액화천연가스),333430
LNG(액화천연가스),034730
LNG(액화천연가스),015760
LNG(액화천연가스),071320
LNG(액화천연가스),085310
LNG(액화천연가스),083650
LNG(액화천연가스),010140
LNG(액화천연가스),005880
LNG(액화천연가스),009540
LNG(액화천연가스),329180
LNG(액화천연가스),028670
LNG(액화천연가스),100090
LNG(액화천연가스),004690
LNG(액화천연가스),036460
LNG(액화천연가스),100840
LNG(액화천연가스),098070
LNG(액화천연가스),136150
LNG(액화천연가스),082740
LNG(액화천연가스),018670
LNG(액화천연가스),258610
전기차,419050
전기차,122350
전기차,012200
전기차,900070
전기차,160190
전기차,096770
전기차,006400
전기차,900260
전기차,005070
전기차,355690
전기차,009900
전기차,0011A0
전기차,204320
전기차,170030
전기차,234100
전기차,011210
전기차,012860
전기차,308170
전기차,024740
전기차,051910
전기차,107640
전기차,009320
전기차,089980
전기차,066970
전기차,024910
전기차,023800
전기차,000270
전기차,373220
전기차,066570
전기차,011790
전기차,058430
전기차,013870
전기차,041930
전기차,265560
전기차,092200
전기차,348370
전기차,417200
전기차,217820
전기차,222080
전기차,010690
전기차,081150
전기차,033310
전기차,038110
전기차,003620
전기차,000240
전기차,263770
전기차,273640
전기차,064960
전기차,005380
전기차,396300
전기차,038880
전기차,214330
전기차,114190
전기차,215360
전기차,012330
전기차,092220
전기차,452400
전기차,053700
전기차,091580
전기차,024900
전기차,018880
전기차,002230
전기차,047310
전기차,051490
전기차,452190
전기차,125210
전기차,003720
전기차,259630
전기차,025540
전기차,023810
전기차,013310
전기차,463480
전기차,212560
전기차,123040
전기차,009470
전기차,080470
전기차,361670
전기차,010120
전기차,354320
전기차,355150
전기차,243840
전기차,416180
전기차,178320
전기차,336370
전기차,377330
전기차,417010
전기차,066590
전기차,090150
전기차,115160
전기차,043260
전기차,105550
전기차,198940
전기차,017370
전기차,001820
전기차,085910
전기차,012340
전기차,011230
전기차,014910
화장품,900270
화장품,196300
화장품,123330
화장품,006490
화장품,462310
화장품,214450
화장품,483650
화장품,005690
화장품,290650
화장품,298060
화장품,219550
화장품,278470
화장품,003350
화장품,214150
화장품,161890
화장품,263920
화장품,137940
화장품,007390
화장품,006620
화장품,214370
화장품,314130
화장품,078520
화장품,388610
화장품,123690
화장품,318160
화장품,251970
화장품,049830
화장품,214260
화장품,027050
화장품,048410
화장품,018290
화장품,025620
화장품,092730
화장품,241710
화장품,024720
화장품,217730
화장품,090430
화장품,352480
화장품,002720
화장품,192440
화장품,214420
화장품,0015N0
화장품,090370
화장품,453860
화장품,053980
화장품,086710
화장품,420570
화장품,226340
화장품,080530
화장품,200130
화장품,225430
화장품,021240
화장품,451250
화장품,362320
화장품,439090
화장품,159580
화장품,002790
화장품,101240
화장품,237880
화장품,003580
화장품,192820
화장품,019660
화장품,052260
화장품,031430
화장품,051900
화장품,252500
화장품,226320
화장품,018700
화장품,114840
화장품,260930
화장품,078140
화장품,950140
화장품,265740
화장품,018250
화장품,168330
화장품,257720
화장품,083660
화장품,900310
화장품,489460
화장품,471820
화장품,002840
화장품,460870
화장품,406820
화장품,347740
화장품,227610
화장품,351320
화장품,159910
화장품,142760
화장품,377220
화장품,032860
화장품,016100
화장품,900300
2차전지(소재/부품),419050
2차전지(소재/부품),900070
2차전지(소재/부품),006650
2차전지(소재/부품),086520
2차전지(소재/부품),005070
2차전지(소재/부품),088390
2차전지(소재/부품),003670
2차전지(소재/부품),005490
2차전지(소재/부품),093370
2차전지(소재/부품),222420
2차전지(소재/부품),011500
2차전지(소재/부품),001390
2차전지(소재/부품),014680
2차전지(소재/부품),020150
2차전지(소재/부품),025900
2차전지(소재/부품),051910
2차전지(소재/부품),078600
2차전지(소재/부품),001530
2차전지(소재/부품),089980
2차전지(소재/부품),066970
2차전지(소재/부품),247540
2차전지(소재/부품),084850
2차전지(소재/부품),011790
2차전지(소재/부품),036830
2차전지(소재/부품),005420
2차전지(소재/부품),032560
2차전지(소재/부품),450080
2차전지(소재/부품),265560
2차전지(소재/부품),348370
2차전지(소재/부품),220260
2차전지(소재/부품),014820
2차전지(소재/부품),008730
2차전지(소재/부품),357780
2차전지(소재/부품),161000
2차전지(소재/부품),054090
2차전지(소재/부품),178920
2차전지(소재/부품),312610
2차전지(소재/부품),015750
2차전지(소재/부품),263770
2차전지(소재/부품),010130
2차전지(소재/부품),018470
2차전지(소재/부품),114190
2차전지(소재/부품),075970
2차전지(소재/부품),029480
2차전지(소재/부품),047310
2차전지(소재/부품),093920
2차전지(소재/부품),452400
2차전지(소재/부품),002710
2차전지(소재/부품),091580
2차전지(소재/부품),121600
2차전지(소재/부품),051490
2차전지(소재/부품),006110
2차전지(소재/부품),054210
2차전지(소재/부품),121850
2차전지(소재/부품),458650
2차전지(소재/부품),001780
2차전지(소재/부품),240600
2차전지(소재/부품),393890
2차전지(소재/부품),004910
2차전지(소재/부품),065350
2차전지(소재/부품),278280
2차전지(소재/부품),055490
2차전지(소재/부품),361610
2차전지(소재/부품),475660
2차전지(소재/부품),033790
2차전지(소재/부품),354320
2차전지(소재/부품),101360
2차전지(소재/부품),243840
2차전지(소재/부품),416180
2차전지(소재/부품),317330
2차전지(소재/부품),336370
2차전지(소재/부품),417010
2차전지(소재/부품),096630
2차전지(소재/부품),446540
2차전지(소재/부품),033160
"백신/진단시약/방역(신종플루, AI 등)",128940
"백신/진단시약/방역(신종플루, AI 등)",006280
"백신/진단시약/방역(신종플루, AI 등)",009290
"백신/진단시약/방역(신종플루, AI 등)",041960
"백신/진단시약/방역(신종플루, AI 등)",389470
"백신/진단시약/방역(신종플루, AI 등)",261780
"백신/진단시약/방역(신종플루, AI 등)",019170
"백신/진단시약/방역(신종플루, AI 등)",000100
"백신/진단시약/방역(신종플루, AI 등)",054670
"백신/진단시약/방역(신종플루, AI 등)",302440
"백신/진단시약/방역(신종플루, AI 등)",003850
"백신/진단시약/방역(신종플루, AI 등)",206650
"백신/진단시약/방역(신종플루, AI 등)",036220
"백신/진단시약/방역(신종플루, AI 등)",060590
"백신/진단시약/방역(신종플루, AI 등)",348080
"백신/진단시약/방역(신종플루, AI 등)",005250
"백신/진단시약/방역(신종플루, AI 등)",303360
"백신/진단시약/방역(신종플루, AI 등)",043200
"백신/진단시약/방역(신종플루, AI 등)",036480
"백신/진단시약/방역(신종플루, AI 등)",285130
"백신/진단시약/방역(신종플루, AI 등)",003060
"백신/진단시약/방역(신종플루, AI 등)",044960
"백신/진단시약/방역(신종플루, AI 등)",007570
"백신/진단시약/방역(신종플루, AI 등)",072020
"백신/진단시약/방역(신종플루, AI 등)",185750
"백신/진단시약/방역(신종플루, AI 등)",048530
"백신/진단시약/방역(신종플루, AI 등)",096530
"백신/진단시약/방역(신종플루, AI 등)",153710
"백신/진단시약/방역(신종플루, AI 등)",185490
"백신/진단시약/방역(신종플루, AI 등)",014570
"백신/진단시약/방역(신종플루, AI 등)",950130
"백신/진단시약/방역(신종플루, AI 등)",064550
"백신/진단시약/방역(신종플루, AI 등)",109820
"백신/진단시약/방역(신종플루, AI 등)",018620
"백신/진단시약/방역(신종플루, AI 등)",086060
"백신/진단시약/방역(신종플루, AI 등)",003120
"백신/진단시약/방역(신종플루, AI 등)",084650
"백신/진단시약/방역(신종플루, AI 등)",061250
"백신/진단시약/방역(신종플루, AI 등)",253840
"백신/진단시약/방역(신종플루, AI 등)",206640
"백신/진단시약/방역(신종플루, AI 등)",033250
"백신/진단시약/방역(신종플루, AI 등)",142760
"백신/진단시약/방역(신종플루, AI 등)",011000
아이폰,005930
아이폰,006400
아이폰,272290
아이폰,000660
아이폰,213420
아이폰,051910
아이폰,084850
아이폰,192440
아이폰,126700
아이폰,053610
아이폰,238090
아이폰,108320
아이폰,034220
아이폰,000670
아이폰,009150
아이폰,051370
아이폰,251370
아이폰,090460
아이폰,011070
아이폰,263600
해운,003280
해운,011200
해운,044450
해운,005880
해운,028670
해운,465770
코리아 밸류업 지수(Korea Value-up Index),005930
코리아 밸류업 지수(Korea Value-up Index),214450
코리아 밸류업 지수(Korea Value-up Index),290650
코리아 밸류업 지수(Korea Value-up Index),128940
코리아 밸류업 지수(Korea Value-up Index),011780
코리아 밸류업 지수(Korea Value-up Index),003490
코리아 밸류업 지수(Korea Value-up Index),319660
코리아 밸류업 지수(Korea Value-up Index),003230
코리아 밸류업 지수(Korea Value-up Index),052690
코리아 밸류업 지수(Korea Value-up Index),103140
코리아 밸류업 지수(Korea Value-up Index),214150
코리아 밸류업 지수(Korea Value-up Index),272290
코리아 밸류업 지수(Korea Value-up Index),180640
코리아 밸류업 지수(Korea Value-up Index),042700
코리아 밸류업 지수(Korea Value-up Index),298020
코리아 밸류업 지수(Korea Value-up Index),031980
코리아 밸류업 지수(Korea Value-up Index),009900
코리아 밸류업 지수(Korea Value-up Index),001060
코리아 밸류업 지수(Korea Value-up Index),008930
코리아 밸류업 지수(Korea Value-up Index),009240
코리아 밸류업 지수(Korea Value-up Index),079550
코리아 밸류업 지수(Korea Value-up Index),033100
코리아 밸류업 지수(Korea Value-up Index),009450
코리아 밸류업 지수(Korea Value-up Index),005180
코리아 밸류업 지수(Korea Value-up Index),383310
코리아 밸류업 지수(Korea Value-up Index),014680
코리아 밸류업 지수(Korea Value-up Index),047810
코리아 밸류업 지수(Korea Value-up Index),000660
코리아 밸류업 지수(Korea Value-up Index),011200
코리아 밸류업 지수(Korea Value-up Index),022100
코리아 밸류업 지수(Korea Value-up Index),012750
코리아 밸류업 지수(Korea Value-up Index),336570
코리아 밸류업 지수(Korea Value-up Index),012450
코리아 밸류업 지수(Korea Value-up Index),090430
코리아 밸류업 지수(Korea Value-up Index),017670
코리아 밸류업 지수(Korea Value-up Index),000270
코리아 밸류업 지수(Korea Value-up Index),017800
코리아 밸류업 지수(Korea Value-up Index),086280
코리아 밸류업 지수(Korea Value-up Index),030190
코리아 밸류업 지수(Korea Value-up Index),005300
코리아 밸류업 지수(Korea Value-up Index),064350
코리아 밸류업 지수(Korea Value-up Index),014820
코리아 밸류업 지수(Korea Value-up Index),272210
코리아 밸류업 지수(Korea Value-up Index),357780
코리아 밸류업 지수(Korea Value-up Index),282330
코리아 밸류업 지수(Korea Value-up Index),215200
코리아 밸류업 지수(Korea Value-up Index),035900
코리아 밸류업 지수(Korea Value-up Index),005290
코리아 밸류업 지수(Korea Value-up Index),192080
코리아 밸류업 지수(Korea Value-up Index),185750
코리아 밸류업 지수(Korea Value-up Index),383220
코리아 밸류업 지수(Korea Value-up Index),005380
코리아 밸류업 지수(Korea Value-up Index),021240
코리아 밸류업 지수(Korea Value-up Index),064760
코리아 밸류업 지수(Korea Value-up Index),047050
코리아 밸류업 지수(Korea Value-up Index),271560
코리아 밸류업 지수(Korea Value-up Index),000990
코리아 밸류업 지수(Korea Value-up Index),012330
코리아 밸류업 지수(Korea Value-up Index),058470
코리아 밸류업 지수(Korea Value-up Index),016360
코리아 밸류업 지수(Korea Value-up Index),051600
코리아 밸류업 지수(Korea Value-up Index),067160
코리아 밸류업 지수(Korea Value-up Index),036930
코리아 밸류업 지수(Korea Value-up Index),381970
코리아 밸류업 지수(Korea Value-up Index),259960
코리아 밸류업 지수(Korea Value-up Index),138040
코리아 밸류업 지수(Korea Value-up Index),316140
코리아 밸류업 지수(Korea Value-up Index),267250
코리아 밸류업 지수(Korea Value-up Index),192820
코리아 밸류업 지수(Korea Value-up Index),030200
코리아 밸류업 지수(Korea Value-up Index),006800
코리아 밸류업 지수(Korea Value-up Index),035250
코리아 밸류업 지수(Korea Value-up Index),267260
코리아 밸류업 지수(Korea Value-up Index),105560
코리아 밸류업 지수(Korea Value-up Index),086790
코리아 밸류업 지수(Korea Value-up Index),005830
코리아 밸류업 지수(Korea Value-up Index),183300
코리아 밸류업 지수(Korea Value-up Index),039130
코리아 밸류업 지수(Korea Value-up Index),071050
코리아 밸류업 지수(Korea Value-up Index),089860
코리아 밸류업 지수(Korea Value-up Index),000810
코리아 밸류업 지수(Korea Value-up Index),055550
코리아 밸류업 지수(Korea Value-up Index),145720
코리아 밸류업 지수(Korea Value-up Index),140860
코리아 밸류업 지수(Korea Value-up Index),030000
코리아 밸류업 지수(Korea Value-up Index),033780
코리아 밸류업 지수(Korea Value-up Index),241560
코리아 밸류업 지수(Korea Value-up Index),039490
코리아 밸류업 지수(Korea Value-up Index),010120
코리아 밸류업 지수(Korea Value-up Index),002840
코리아 밸류업 지수(Korea Value-up Index),336370
코리아 밸류업 지수(Korea Value-up Index),011070
코리아 밸류업 지수(Korea Value-up Index),026960
코리아 밸류업 지수(Korea Value-up Index),018670
코리아 밸류업 지수(Korea Value-up Index),175330
코리아 밸류업 지수(Korea Value-up Index),348210
코리아 밸류업 지수(Korea Value-up Index),403870
코리아 밸류업 지수(Korea Value-up Index),298040
코리아 밸류업 지수(Korea Value-up Index),192650
풍력에너지,100660
풍력에너지,075580
풍력에너지,052690
풍력에너지,005490
풍력에너지,096350
풍력에너지,004440
풍력에너지,054540
풍력에너지,101170
풍력에너지,034020
풍력에너지,013810
풍력에너지,306200
풍력에너지,015760
풍력에너지,018000
풍력에너지,417200
풍력에너지,003030
풍력에너지,060370
풍력에너지,004800
풍력에너지,000720
풍력에너지,003070
풍력에너지,100090
풍력에너지,475150
풍력에너지,044490
풍력에너지,005160
풍력에너지,032820
풍력에너지,024880
풍력에너지,119500
풍력에너지,229640
풍력에너지,389260
풍력에너지,112610
풍력에너지,006260
풍력에너지,297090
풍력에너지,100130
풍력에너지,068790
풍력에너지,282720
풍력에너지,298040
풍력에너지,115530
5G(5세대 이동통신),192410
5G(5세대 이동통신),005930
5G(5세대 이동통신),388790
5G(5세대 이동통신),035460
5G(5세대 이동통신),062970
5G(5세대 이동통신),175140
5G(5세대 이동통신),061040
5G(5세대 이동통신),115440
5G(5세대 이동통신),138080
5G(5세대 이동통신),218410
5G(5세대 이동통신),095270
5G(5세대 이동통신),088280
5G(5세대 이동통신),056360
5G(5세대 이동통신),065530
5G(5세대 이동통신),340360
5G(5세대 이동통신),066570
5G(5세대 이동통신),017670
5G(5세대 이동통신),289930
5G(5세대 이동통신),078000
5G(5세대 이동통신),332570
5G(5세대 이동통신),065440
5G(5세대 이동통신),032500
5G(5세대 이동통신),321370
5G(5세대 이동통신),215790
5G(5세대 이동통신),060370
5G(5세대 이동통신),073540
5G(5세대 이동통신),178920
5G(5세대 이동통신),010170
5G(5세대 이동통신),049080
5G(5세대 이동통신),173130
5G(5세대 이동통신),069540
5G(5세대 이동통신),046970
5G(5세대 이동통신),007660
5G(5세대 이동통신),030200
5G(5세대 이동통신),091440
5G(5세대 이동통신),230240
5G(5세대 이동통신),264450
5G(5세대 이동통신),065770
5G(5세대 이동통신),229640
5G(5세대 이동통신),153460
5G(5세대 이동통신),032640
5G(5세대 이동통신),073490
5G(5세대 이동통신),353200
5G(5세대 이동통신),088800
5G(5세대 이동통신),050890
5G(5세대 이동통신),242040
5G(5세대 이동통신),355150
5G(5세대 이동통신),122990
5G(5세대 이동통신),178320
5G(5세대 이동통신),052460
5G(5세대 이동통신),377330
5G(5세대 이동통신),069410
5G(5세대 이동통신),389020
5G(5세대 이동통신),037460
2차전지(소재/부품),419050
2차전지(소재/부품),900070
2차전지(소재/부품),006650
2차전지(소재/부품),086520
2차전지(소재/부품),005070
2차전지(소재/부품),088390
2차전지(소재/부품),003670
2차전지(소재/부품),005490
2차전지(소재/부품),093370
2차전지(소재/부품),222420
2차전지(소재/부품),011500
2차전지(소재/부품),001390
2차전지(소재/부품),014680
2차전지(소재/부품),020150
2차전지(소재/부품),025900
2차전지(소재/부품),051910
2차전지(소재/부품),078600
2차전지(소재/부품),001530
2차전지(소재/부품),089980
2차전지(소재/부품),247540
2차전지(소재/부품),084850
2차전지(소재/부품),011790
2차전지(소재/부품),036830
2차전지(소재/부품),005420
2차전지(소재/부품),032560
2차전지(소재/부품),066970
2차전지(소재/부품),450080
2차전지(소재/부품),265560
2차전지(소재/부품),348370
2차전지(소재/부품),220260
2차전지(소재/부품),014820
2차전지(소재/부품),008730
2차전지(소재/부품),357780
2차전지(소재/부품),114190
2차전지(소재/부품),161000
2차전지(소재/부품),054090
2차전지(소재/부품),178920
2차전지(소재/부품),312610
2차전지(소재/부품),015750
2차전지(소재/부품),263770
2차전지(소재/부품),010130
2차전지(소재/부품),075970
2차전지(소재/부품),121600
2차전지(소재/부품),029480
2차전지(소재/부품),047310
2차전지(소재/부품),093920
2차전지(소재/부품),452400
2차전지(소재/부품),002710
2차전지(소재/부품),091580
2차전지(소재/부품),018470
2차전지(소재/부품),055490
2차전지(소재/부품),051490
2차전지(소재/부품),006110
2차전지(소재/부품),054210
2차전지(소재/부품),121850
2차전지(소재/부품),458650
2차전지(소재/부품),001780
2차전지(소재/부품),240600
2차전지(소재/부품),393890
2차전지(소재/부품),004910
2차전지(소재/부품),065350
2차전지(소재/부품),278280
2차전지(소재/부품),361610
2차전지(소재/부품),475660
2차전지(소재/부품),101360
2차전지(소재/부품),033790
2차전지(소재/부품),354320
2차전지(소재/부품),243840
2차전지(소재/부품),416180
2차전지(소재/부품),317330
2차전지(소재/부품),336370
2차전지(소재/부품),417010
2차전지(소재/부품),096630
2차전지(소재/부품),446540
2차전지(소재/부품),033160
해운,003280
해운,011200
해운,044450
해운,005880
해운,028670
해운,465770
전자결제(전자화폐),039290
전자결제(전자화폐),115310
전자결제(전자화폐),377300
전자결제(전자화폐),035600
전자결제(전자화폐),025770
전자결제(전자화폐),094480
전자결제(전자화폐),042000
전자결제(전자화폐),294570
전자결제(전자화폐),060250
전자결제(전자화폐),064260
전자결제(전자화폐),181710
전자결제(전자화폐),046440
전자결제(전자화폐),234340
화학섬유,298020
화학섬유,011300
화학섬유,003240
화학섬유,120110
화학섬유,079980
화학섬유,003830
아이폰,005930
아이폰,006400
아이폰,272290
아이폰,213420
아이폰,000660
아이폰,051910
아이폰,084850
아이폰,126700
아이폰,192440
아이폰,053610
아이폰,108320
아이폰,034220
아이폰,000670
아이폰,009150
아이폰,051370
아이폰,251370
아이폰,238090
아이폰,090460
아이폰,011070
아이폰,263600
비료,332290
비료,001390
비료,001550
비료,025860
비료,014580
비료,004000
비료,014830
비료,097870
비료,054050
비료,033250
스페이스X(SpaceX),347700
스페이스X(SpaceX),272290
스페이스X(SpaceX),042700
스페이스X(SpaceX),209640
스페이스X(SpaceX),373220
스페이스X(SpaceX),274090
스페이스X(SpaceX),321370
스페이스X(SpaceX),295310
스페이스X(SpaceX),006800
스페이스X(SpaceX),001430
스페이스X(SpaceX),417970
스페이스X(SpaceX),100790
스페이스X(SpaceX),417010
스페이스X(SpaceX),027360
온실가스(탄소배출권)/탄소 포집·활용·저장(CCUS),086520
온실가스(탄소배출권)/탄소 포집·활용·저장(CCUS),025750
온실가스(탄소배출권)/탄소 포집·활용·저장(CCUS),093370
온실가스(탄소배출권)/탄소 포집·활용·저장(CCUS),448280
온실가스(탄소배출권)/탄소 포집·활용·저장(CCUS),383310
온실가스(탄소배출권)/탄소 포집·활용·저장(CCUS),008250
온실가스(탄소배출권)/탄소 포집·활용·저장(CCUS),004140
온실가스(탄소배출권)/탄소 포집·활용·저장(CCUS),069260
온실가스(탄소배출권)/탄소 포집·활용·저장(CCUS),038870
온실가스(탄소배출권)/탄소 포집·활용·저장(CCUS),220260
온실가스(탄소배출권)/탄소 포집·활용·저장(CCUS),014830
온실가스(탄소배출권)/탄소 포집·활용·저장(CCUS),033530
온실가스(탄소배출권)/탄소 포집·활용·저장(CCUS),036170
온실가스(탄소배출권)/탄소 포집·활용·저장(CCUS),163280
온실가스(탄소배출권)/탄소 포집·활용·저장(CCUS),005090
온실가스(탄소배출권)/탄소 포집·활용·저장(CCUS),083420
온실가스(탄소배출권)/탄소 포집·활용·저장(CCUS),059090
태풍 및 장마,060260
태풍 및 장마,001550
태풍 및 장마,025860
태풍 및 장마,043200
태풍 및 장마,004000
태풍 및 장마,002100
태풍 및 장마,060150
태풍 및 장마,000490
태풍 및 장마,007590
태풍 및 장마,101670
웹툰,084180
웹툰,020120
웹툰,239340
웹툰,207760
웹툰,181710
웹툰,035720
웹툰,035420
웹툰,048910
웹툰,201490
웹툰,134580
웹툰,263720
웹툰,067000
웹툰,236810
웹툰,417180
웹툰,432430
셰일가스(Shale Gas),017960
셰일가스(Shale Gas),002360
셰일가스(Shale Gas),101170
셰일가스(Shale Gas),034020
셰일가스(Shale Gas),015760
셰일가스(Shale Gas),083650
셰일가스(Shale Gas),017940
셰일가스(Shale Gas),047050
셰일가스(Shale Gas),036460
셰일가스(Shale Gas),100840
셰일가스(Shale Gas),018670
리츠(REITs),404990
리츠(REITs),088260
리츠(REITs),448730
리츠(REITs),293940
리츠(REITs),334890
리츠(REITs),330590
리츠(REITs),377190
리츠(REITs),145270
리츠(REITs),357120
리츠(REITs),417310
리츠(REITs),0030R0
리츠(REITs),481850
리츠(REITs),400760
리츠(REITs),432320
리츠(REITs),350520
리츠(REITs),365550
리츠(REITs),357250
리츠(REITs),338100
리츠(REITs),451800
리츠(REITs),396690
리츠(REITs),357430
리츠(REITs),395400
조림사업,043910
조림사업,025750
조림사업,008250
조림사업,034730
조림사업,137950
조림사업,025950
조림사업,097870
조림사업,002820
조림사업,009580
조림사업,000180
조림사업,039020
희귀금속(희토류 등),127120
희귀금속(희토류 등),011300
희귀금속(희토류 등),005490
희귀금속(희토류 등),222420
희귀금속(희토류 등),004560
희귀금속(희토류 등),037370
희귀금속(희토류 등),081150
희귀금속(희토류 등),010130
희귀금속(희토류 등),285490
희귀금속(희토류 등),402490
희귀금속(희토류 등),075970
희귀금속(희토류 등),000910
희귀금속(희토류 등),229640
희귀금속(희토류 등),024890
희귀금속(희토류 등),047400
희귀금속(희토류 등),011230
희귀금속(희토류 등),419080
낙태/피임,004310
낙태/피임,017180
낙태/피임,260660
낙태/피임,204840
밸류업(24년 기업가치 제고계획 발표),037710
밸류업(24년 기업가치 제고계획 발표),443060
밸류업(24년 기업가치 제고계획 발표),003490
밸류업(24년 기업가치 제고계획 발표),096770
밸류업(24년 기업가치 제고계획 발표),052690
밸류업(24년 기업가치 제고계획 발표),272290
밸류업(24년 기업가치 제고계획 발표),020000
밸류업(24년 기업가치 제고계획 발표),000100
밸류업(24년 기업가치 제고계획 발표),003670
밸류업(24년 기업가치 제고계획 발표),008930
밸류업(24년 기업가치 제고계획 발표),005490
밸류업(24년 기업가치 제고계획 발표),195940
밸류업(24년 기업가치 제고계획 발표),004170
밸류업(24년 기업가치 제고계획 발표),000660
밸류업(24년 기업가치 제고계획 발표),005440
밸류업(24년 기업가치 제고계획 발표),051910
밸류업(24년 기업가치 제고계획 발표),035600
밸류업(24년 기업가치 제고계획 발표),034730
밸류업(24년 기업가치 제고계획 발표),006040
밸류업(24년 기업가치 제고계획 발표),066570
밸류업(24년 기업가치 제고계획 발표),234300
밸류업(24년 기업가치 제고계획 발표),330590
밸류업(24년 기업가치 제고계획 발표),024720
밸류업(24년 기업가치 제고계획 발표),017670
밸류업(24년 기업가치 제고계획 발표),000270
밸류업(24년 기업가치 제고계획 발표),090430
밸류업(24년 기업가치 제고계획 발표),017800
밸류업(24년 기업가치 제고계획 발표),373220
밸류업(24년 기업가치 제고계획 발표),071320
밸류업(24년 기업가치 제고계획 발표),060980
밸류업(24년 기업가치 제고계획 발표),086280
밸류업(24년 기업가치 제고계획 발표),005300
밸류업(24년 기업가치 제고계획 발표),009540
밸류업(24년 기업가치 제고계획 발표),003550
밸류업(24년 기업가치 제고계획 발표),004990
밸류업(24년 기업가치 제고계획 발표),089590
밸류업(24년 기업가치 제고계획 발표),016610
밸류업(24년 기업가치 제고계획 발표),161000
밸류업(24년 기업가치 제고계획 발표),005380
밸류업(24년 기업가치 제고계획 발표),329180
밸류업(24년 기업가치 제고계획 발표),402340
밸류업(24년 기업가치 제고계획 발표),010130
밸류업(24년 기업가치 제고계획 발표),047050
밸류업(24년 기업가치 제고계획 발표),095340
밸류업(24년 기업가치 제고계획 발표),003470
밸류업(24년 기업가치 제고계획 발표),000990
밸류업(24년 기업가치 제고계획 발표),012330
밸류업(24년 기업가치 제고계획 발표),280360
밸류업(24년 기업가치 제고계획 발표),058650
밸류업(24년 기업가치 제고계획 발표),034220
밸류업(24년 기업가치 제고계획 발표),002790
밸류업(24년 기업가치 제고계획 발표),024110
밸류업(24년 기업가치 제고계획 발표),006840
밸류업(24년 기업가치 제고계획 발표),316140
밸류업(24년 기업가치 제고계획 발표),323410
밸류업(24년 기업가치 제고계획 발표),023160
밸류업(24년 기업가치 제고계획 발표),138040
밸류업(24년 기업가치 제고계획 발표),030200
밸류업(24년 기업가치 제고계획 발표),453340
밸류업(24년 기업가치 제고계획 발표),006800
밸류업(24년 기업가치 제고계획 발표),267260
밸류업(24년 기업가치 제고계획 발표),001430
밸류업(24년 기업가치 제고계획 발표),051900
밸류업(24년 기업가치 제고계획 발표),035250
밸류업(24년 기업가치 제고계획 발표),267250
밸류업(24년 기업가치 제고계획 발표),031430
밸류업(24년 기업가치 제고계획 발표),069960
밸류업(24년 기업가치 제고계획 발표),086790
밸류업(24년 기업가치 제고계획 발표),023530
밸류업(24년 기업가치 제고계획 발표),032640
밸류업(24년 기업가치 제고계획 발표),105560
밸류업(24년 기업가치 제고계획 발표),001740
밸류업(24년 기업가치 제고계획 발표),018250
밸류업(24년 기업가치 제고계획 발표),139130
밸류업(24년 기업가치 제고계획 발표),263020
밸류업(24년 기업가치 제고계획 발표),089860
밸류업(24년 기업가치 제고계획 발표),138930
밸류업(24년 기업가치 제고계획 발표),241560
밸류업(24년 기업가치 제고계획 발표),055550
밸류업(24년 기업가치 제고계획 발표),039490
밸류업(24년 기업가치 제고계획 발표),036620
밸류업(24년 기업가치 제고계획 발표),064850
밸류업(24년 기업가치 제고계획 발표),286940
밸류업(24년 기업가치 제고계획 발표),033780
밸류업(24년 기업가치 제고계획 발표),267270
밸류업(24년 기업가치 제고계획 발표),032190
밸류업(24년 기업가치 제고계획 발표),091700
밸류업(24년 기업가치 제고계획 발표),011070
밸류업(24년 기업가치 제고계획 발표),071840
밸류업(24년 기업가치 제고계획 발표),175330
밸류업(24년 기업가치 제고계획 발표),192650
리튬,086520
리튬,003670
리튬,005490
리튬,093370
리튬,290670
리튬,009520
리튬,051910
리튬,005420
리튬,373220
리튬,004490
리튬,348370
리튬,114190
리튬,051980
리튬,278280
리튬,029480
리튬,365340
리튬,107600
리튬,270520
리튬,101670
리튬,025560
리튬,073570
리튬,095500
아프리카 돼지열병(ASF),188260
아프리카 돼지열병(ASF),041960
아프리카 돼지열병(ASF),025870
아프리카 돼지열병(ASF),054670
아프리카 돼지열병(ASF),353810
아프리카 돼지열병(ASF),073560
아프리카 돼지열병(ASF),060590
아프리카 돼지열병(ASF),043200
아프리카 돼지열병(ASF),036480
아프리카 돼지열병(ASF),027710
아프리카 돼지열병(ASF),044960
아프리카 돼지열병(ASF),014580
아프리카 돼지열병(ASF),072020
아프리카 돼지열병(ASF),035810
아프리카 돼지열병(ASF),005860
아프리카 돼지열병(ASF),153710
아프리카 돼지열병(ASF),110020
아프리카 돼지열병(ASF),136480
아프리카 돼지열병(ASF),136490
아프리카 돼지열병(ASF),331920
아프리카 돼지열병(ASF),006980
아프리카 돼지열병(ASF),218150
아프리카 돼지열병(ASF),018620
아프리카 돼지열병(ASF),088910
아프리카 돼지열병(ASF),027740
아프리카 돼지열병(ASF),086060
아프리카 돼지열병(ASF),208140
아프리카 돼지열병(ASF),036580
아프리카 돼지열병(ASF),900340
아프리카 돼지열병(ASF),033250
아프리카 돼지열병(ASF),198440
광통신(광케이블/광섬유 등),388790
광통신(광케이블/광섬유 등),062970
광통신(광케이블/광섬유 등),092190
광통신(광케이블/광섬유 등),115440
광통신(광케이블/광섬유 등),327260
광통신(광케이블/광섬유 등),218410
광통신(광케이블/광섬유 등),010170
광통신(광케이블/광섬유 등),069540
광통신(광케이블/광섬유 등),217590
광통신(광케이블/광섬유 등),006260
광통신(광케이블/광섬유 등),100590
광통신(광케이블/광섬유 등),368770
광통신(광케이블/광섬유 등),389020
광통신(광케이블/광섬유 등),043260
제지,001020
제지,034810
제지,009460
제지,004540
제지,078130
제지,001810
제지,002310
제지,213500
제지,009200
제지,009770
제지,027970
제지,002200
제지,009580
제지,002870
농업,403490
농업,332290
농업,154030
농업,001390
농업,001550
농업,025860
농업,101170
농업,020400
농업,050860
농업,004000
농업,002100
농업,002900
농업,000490
농업,014830
농업,097870
농업,054050
농업,007590
농업,119500
농업,008830
농업,352940
농업,003080
농업,114450
농업,186230
마이크로바이옴,376270
마이크로바이옴,314130
마이크로바이옴,206650
마이크로바이옴,024720
마이크로바이옴,038290
마이크로바이옴,311690
마이크로바이옴,090430
마이크로바이옴,048530
마이크로바이옴,950200
마이크로바이옴,348150
마이크로바이옴,063160
마이크로바이옴,051900
마이크로바이옴,180400
마이크로바이옴,049960
마이크로바이옴,239610
마이크로바이옴,187420
마이크로바이옴,084650
마이크로바이옴,238200
음식료업종,001790
음식료업종,475560
음식료업종,403490
음식료업종,290720
음식료업종,043650
음식료업종,260970
음식료업종,003230
음식료업종,195500
음식료업종,353190
음식료업종,007390
음식료업종,195940
음식료업종,264900
음식료업종,005180
음식료업종,008040
음식료업종,001420
음식료업종,004410
음식료업종,339770
음식료업종,017810
음식료업종,097950
음식료업종,005300
음식료업종,006880
음식료업종,357230
음식료업종,270870
음식료업종,031440
음식료업종,145990
음식료업종,435570
음식료업종,000140
음식료업종,342870
음식료업종,271560
음식료업종,051500
음식료업종,001680
음식료업종,002600
음식료업종,002680
음식료업종,277410
음식료업종,131100
음식료업종,280360
음식료업종,009780
음식료업종,003920
음식료업종,005670
음식료업종,250000
음식료업종,001130
음식료업종,004370
음식료업종,453340
음식료업종,194700
음식료업종,267980
음식료업종,007310
음식료업종,051900
음식료업종,0013V0
음식료업종,103840
음식료업종,218150
음식료업종,475460
음식료업종,208140
음식료업종,239610
음식료업종,189980
음식료업종,005610
음식료업종,248170
음식료업종,000080
음식료업종,101530
음식료업종,188040
음식료업종,026960
음식료업종,238200
음식료업종,222040
음식료업종,311390
음식료업종,222980
음식료업종,318010
음식료업종,276730
보안주(정보),356680
보안주(정보),331740
보안주(정보),041460
보안주(정보),038680
보안주(정보),170790
보안주(정보),317120
보안주(정보),131090
보안주(정보),158430
보안주(정보),208350
보안주(정보),291810
보안주(정보),232830
보안주(정보),150900
보안주(정보),053350
보안주(정보),012750
보안주(정보),456010
보안주(정보),203650
보안주(정보),057680
보안주(정보),465480
보안주(정보),263860
보안주(정보),275630
보안주(정보),136540
보안주(정보),192250
보안주(정보),411080
보안주(정보),290560
보안주(정보),430690
보안주(정보),197140
보안주(정보),333050
보안주(정보),079940
보안주(정보),049480
보안주(정보),0015S0
보안주(정보),050960
보안주(정보),290270
보안주(정보),053300
보안주(정보),067920
보안주(정보),053800
보안주(정보),049470
보안주(정보),054920
보안주(정보),356890
보안주(정보),391710
보안주(정보),488280
보안주(정보),032190
보안주(정보),286750
보안주(정보),047560
보안주(정보),042510
보안주(정보),258790
보안주(정보),075130
보안주(정보),184230
보안주(정보),214180
보안주(정보),424760
보안주(정보),434480
보안주(정보),247660
교육/온라인 교육,134060
교육/온라인 교육,035290
교육/온라인 교육,068290
교육/온라인 교육,072130
교육/온라인 교육,032850
교육/온라인 교육,461300
교육/온라인 교육,084440
교육/온라인 교육,100220
교육/온라인 교육,053290
교육/온라인 교육,095720
교육/온라인 교육,215200
교육/온라인 교육,215100
교육/온라인 교육,133750
교육/온라인 교육,040420
교육/온라인 교육,339950
교육/온라인 교육,019680
교육/온라인 교육,475580
교육/온라인 교육,373160
교육/온라인 교육,057030
교육/온라인 교육,049470
교육/온라인 교육,072870
교육/온라인 교육,096240
교육/온라인 교육,012030
교육/온라인 교육,067280
교육/온라인 교육,317530
교육/온라인 교육,068930
교육/온라인 교육,289010
엔터테인먼트,078860
엔터테인먼트,046390
엔터테인먼트,068050
엔터테인먼트,473980
엔터테인먼트,122870
엔터테인먼트,032800
엔터테인먼트,458350
엔터테인먼트,950190
엔터테인먼트,047820
엔터테인먼트,043610
엔터테인먼트,035900
엔터테인먼트,054780
엔터테인먼트,051780
엔터테인먼트,041510
엔터테인먼트,131100
엔터테인먼트,352820
엔터테인먼트,035760
엔터테인먼트,253450
엔터테인먼트,376300
엔터테인먼트,035720
엔터테인먼트,032540
엔터테인먼트,048550
엔터테인먼트,361570
엔터테인먼트,160550
엔터테인먼트,173940
엔터테인먼트,369370
엔터테인먼트,182360
엔터테인먼트,044480
엔터테인먼트,200350
엔터테인먼트,012170
2차전지,251630
2차전지,419050
2차전지,900070
2차전지,006650
2차전지,257370
2차전지,254120
2차전지,096770
2차전지,086520
2차전지,222420
2차전지,006400
2차전지,005070
2차전지,294140
2차전지,088390
2차전지,282880
2차전지,003670
2차전지,005490
2차전지,093370
2차전지,0011A0
2차전지,168360
2차전지,493330
2차전지,290670
2차전지,011500
2차전지,001390
2차전지,014680
2차전지,137400
2차전지,020150
2차전지,378340
2차전지,457190
2차전지,025900
2차전지,051910
2차전지,049950
2차전지,078600
2차전지,001530
2차전지,413390
2차전지,089980
2차전지,161580
2차전지,108230
2차전지,042600
2차전지,084850
2차전지,011790
2차전지,036830
2차전지,005420
2차전지,247540
2차전지,267320
2차전지,373220
2차전지,032560
2차전지,066970
2차전지,079810
2차전지,222080
2차전지,004490
2차전지,265560
2차전지,217820
2차전지,014820
2차전지,450080
2차전지,372170
2차전지,008730
2차전지,348370
2차전지,178920
2차전지,114190
2차전지,357780
2차전지,054090
2차전지,056190
2차전지,078150
2차전지,161000
2차전지,129920
2차전지,015750
2차전지,263770
2차전지,382480
2차전지,010130
2차전지,064290
2차전지,081180
2차전지,312610
2차전지,278280
2차전지,220260
2차전지,277880
2차전지,075970
2차전지,121600
2차전지,241790
2차전지,360070
2차전지,029480
2차전지,047310
2차전지,093920
2차전지,452400
2차전지,002710
2차전지,091580
2차전지,018470
2차전지,083930
2차전지,396300
2차전지,469750
2차전지,055490
2차전지,333620
2차전지,302430
2차전지,131760
2차전지,480370
2차전지,051490
2차전지,006110
2차전지,054210
2차전지,365340
2차전지,107600
2차전지,121850
2차전지,240600
2차전지,452450
2차전지,458650
2차전지,259630
2차전지,418550
2차전지,001780
2차전지,452190
2차전지,037030
2차전지,004910
2차전지,393890
2차전지,065350
2차전지,432470
2차전지,053080
2차전지,361610
2차전지,475660
2차전지,032680
2차전지,452200
2차전지,101360
2차전지,033790
2차전지,417010
2차전지,243840
2차전지,416180
2차전지,065130
2차전지,109740
2차전지,317330
2차전지,382840
2차전지,354320
2차전지,336370
2차전지,364950
2차전지,090470
2차전지,096630
2차전지,299030
2차전지,148930
2차전지,446540
2차전지,089890
2차전지,262260
2차전지,455180
2차전지,110990
2차전지,017370
2차전지,033160
2차전지,126730
2차전지,076080
2차전지,059090
2차전지,320000
드론(Drone),003490
드론(Drone),035460
드론(Drone),223310
드론(Drone),079550
드론(Drone),099320
드론(Drone),187220
드론(Drone),424960
드론(Drone),047080
드론(Drone),093520
드론(Drone),047810
드론(Drone),097520
드론(Drone),012450
드론(Drone),023800
드론(Drone),272210
드론(Drone),033320
드론(Drone),204610
드론(Drone),005870
드론(Drone),010820
드론(Drone),093640
드론(Drone),274090
드론(Drone),077360
드론(Drone),475580
드론(Drone),030200
드론(Drone),051380
드론(Drone),015710
드론(Drone),054920
드론(Drone),306620
드론(Drone),096630
드론(Drone),177350
도시가스,117580
도시가스,015360
도시가스,053050
도시가스,267290
도시가스,017390
도시가스,016710
도시가스,004690
도시가스,034590
도시가스,036460
폐배터리,096770
폐배터리,086520
폐배터리,004250
폐배터리,005490
폐배터리,005420
폐배터리,267320
폐배터리,373220
폐배터리,265560
폐배터리,217820
폐배터리,010780
폐배터리,005380
폐배터리,060150
폐배터리,047310
폐배터리,256940
폐배터리,017860
폐배터리,365340
폐배터리,107600
폐배터리,377330
폐배터리,299030
폐배터리,076080
소매유통,037710
소매유통,006370
소매유통,057050
소매유통,004170
소매유통,067830
소매유통,362320
소매유통,342870
소매유통,007070
소매유통,282330
소매유통,035760
소매유통,051160
소매유통,415380
소매유통,139480
소매유통,069960
소매유통,023530
소매유통,452260
소매유통,071840
소매유통,008770
소매유통,035080
소매유통,069920
日 수출 규제(국산화 등),171010
日 수출 규제(국산화 등),482630
日 수출 규제(국산화 등),272290
日 수출 규제(국산화 등),093370
日 수출 규제(국산화 등),079810
日 수출 규제(국산화 등),008730
日 수출 규제(국산화 등),012610
日 수출 규제(국산화 등),178920
日 수출 규제(국산화 등),005290
日 수출 규제(국산화 등),357780
日 수출 규제(국산화 등),220260
日 수출 규제(국산화 등),046970
日 수출 규제(국산화 등),101490
日 수출 규제(국산화 등),009830
日 수출 규제(국산화 등),004430
日 수출 규제(국산화 등),013310
日 수출 규제(국산화 등),371950
日 수출 규제(국산화 등),019540
日 수출 규제(국산화 등),014970
페인트,090350
페인트,000320
페인트,002380
페인트,000860
페인트,000390
페인트,006840
페인트,007210
페인트,004910
스마트그리드(지능형전력망),006490
스마트그리드(지능형전력망),040160
스마트그리드(지능형전력망),388050
스마트그리드(지능형전력망),022100
스마트그리드(지능형전력망),130660
스마트그리드(지능형전력망),099440
스마트그리드(지능형전력망),103590
스마트그리드(지능형전력망),052860
스마트그리드(지능형전력망),189860
스마트그리드(지능형전력망),015860
스마트그리드(지능형전력망),002230
스마트그리드(지능형전력망),054220
스마트그리드(지능형전력망),125210
스마트그리드(지능형전력망),065770
스마트그리드(지능형전력망),015710
스마트그리드(지능형전력망),082920
스마트그리드(지능형전력망),010120
스마트그리드(지능형전력망),237750
스마트그리드(지능형전력망),057540
스마트그리드(지능형전력망),001820
패션/의류,462310
패션/의류,028260
패션/의류,478560
패션/의류,335870
패션/의류,002070
패션/의류,278470
패션/의류,308100
패션/의류,093240
패션/의류,020000
패션/의류,204020
패션/의류,109670
패션/의류,006060
패션/의류,004060
패션/의류,026040
패션/의류,007980
패션/의류,194370
패션/의류,337930
패션/의류,090370
패션/의류,093050
패션/의류,383220
패션/의류,306040
패션/의류,001460
패션/의류,014990
패션/의류,084870
패션/의류,267790
패션/의류,039980
패션/의류,225590
패션/의류,009270
패션/의류,081660
패션/의류,000680
패션/의류,366030
패션/의류,105630
패션/의류,008290
패션/의류,145170
패션/의류,016090
패션/의류,088790
패션/의류,120110
패션/의류,005320
패션/의류,031430
패션/의류,0117P0
패션/의류,047770
패션/의류,472850
패션/의류,069640
패션/의류,111110
패션/의류,065060
패션/의류,481070
패션/의류,036620
패션/의류,111770
패션/의류,005800
패션/의류,111380
패션/의류,110790
패션/의류,298540
패션/의류,098660
패션/의류,900110
패션/의류,241590
패션/의류,064800
패션/의류,033340
패션/의류,011080
패션/의류,215480
구제역/광우병 수혜,025870
구제역/광우병 수혜,030720
구제역/광우병 수혜,036480
구제역/광우병 수혜,006040
구제역/광우병 수혜,027710
구제역/광우병 수혜,014580
구제역/광우병 수혜,035810
구제역/광우병 수혜,005860
구제역/광우병 수혜,006090
구제역/광우병 수혜,007160
구제역/광우병 수혜,136480
구제역/광우병 수혜,003680
구제역/광우병 수혜,006980
구제역/광우병 수혜,011150
구제역/광우병 수혜,018620
구제역/광우병 수혜,004970
구제역/광우병 수혜,088910
구제역/광우병 수혜,027740
구제역/광우병 수혜,208140
구제역/광우병 수혜,003960
전기차 화재 방지(배터리 열폭주 등),419050
전기차 화재 방지(배터리 열폭주 등),032790
전기차 화재 방지(배터리 열폭주 등),119830
전기차 화재 방지(배터리 열폭주 등),107640
전기차 화재 방지(배터리 열폭주 등),372910
전기차 화재 방지(배터리 열폭주 등),060230
전기차 화재 방지(배터리 열폭주 등),273640
전기차 화재 방지(배터리 열폭주 등),214330
전기차 화재 방지(배터리 열폭주 등),220260
전기차 화재 방지(배터리 열폭주 등),199820
전기차 화재 방지(배터리 열폭주 등),452400
전기차 화재 방지(배터리 열폭주 등),200880
전기차 화재 방지(배터리 열폭주 등),024900
전기차 화재 방지(배터리 열폭주 등),302430
전기차 화재 방지(배터리 열폭주 등),323280
전기차 화재 방지(배터리 열폭주 등),125210
전기차 화재 방지(배터리 열폭주 등),051360
전기차 화재 방지(배터리 열폭주 등),452190
전기차 화재 방지(배터리 열폭주 등),225190
전기차 화재 방지(배터리 열폭주 등),453450
전기차 화재 방지(배터리 열폭주 등),432470
전기차 화재 방지(배터리 열폭주 등),286940
전기차 화재 방지(배터리 열폭주 등),452200
전기차 화재 방지(배터리 열폭주 등),417010
전기차 화재 방지(배터리 열폭주 등),243840
전기차 화재 방지(배터리 열폭주 등),105550
전기차 화재 방지(배터리 열폭주 등),317870
전기차 화재 방지(배터리 열폭주 등),138070
자동차부품,122350
자동차부품,012200
자동차부품,078590
자동차부품,049070
자동차부품,012280
자동차부품,191410
자동차부품,001620
자동차부품,290120
자동차부품,104040
자동차부품,126640
자동차부품,126600
자동차부품,009900
자동차부품,310870
자동차부품,012860
자동차부품,011320
자동차부품,437730
자동차부품,204320
자동차부품,308170
자동차부품,170030
자동차부품,012210
자동차부품,011210
자동차부품,010100
자동차부품,024740
자동차부품,234100
자동차부품,001420
자동차부품,009320
자동차부품,010660
자동차부품,097780
자동차부품,107640
자동차부품,020400
자동차부품,024910
자동차부품,007530
자동차부품,023800
자동차부품,009680
자동차부품,002880
자동차부품,004100
자동차부품,075180
자동차부품,018500
자동차부품,053060
자동차부품,013870
자동차부품,065500
자동차부품,010690
자동차부품,041930
자동차부품,060980
자동차부품,090080
자동차부품,092200
자동차부품,105330
자동차부품,265560
자동차부품,298050
자동차부품,040610
자동차부품,108670
자동차부품,271940
자동차부품,093380
자동차부품,016740
자동차부품,101330
자동차부품,038110
자동차부품,014440
자동차부품,123410
자동차부품,015750
자동차부품,007340
자동차부품,010580
자동차부품,003570
자동차부품,008500
자동차부품,012160
자동차부품,025440
자동차부품,071850
자동차부품,208860
자동차부품,214330
자동차부품,241690
자동차부품,025320
자동차부품,0004V0
자동차부품,215360
자동차부품,019180
자동차부품,378850
자동차부품,064960
자동차부품,0010F0
자동차부품,012330
자동차부품,053270
자동차부품,122690
자동차부품,021820
자동차부품,024830
자동차부품,024120
자동차부품,033530
자동차부품,069510
자동차부품,118990
자동차부품,200880
자동차부품,053700
자동차부품,396300
자동차부품,036170
자동차부품,023000
자동차부품,018880
자동차부품,125490
자동차부품,024900
자동차부품,005850
자동차부품,128540
자동차부품,051490
자동차부품,067570
자동차부품,005710
자동차부품,006660
자동차부품,024880
자동차부품,041650
자동차부품,119500
자동차부품,008830
자동차부품,000430
자동차부품,025540
자동차부품,448900
자동차부품,458650
자동차부품,013570
자동차부품,336680
자동차부품,023810
자동차부품,130740
자동차부품,043370
자동차부품,001380
자동차부품,048430
자동차부품,031510
자동차부품,013310
자동차부품,002920
자동차부품,212560
자동차부품,019770
자동차부품,123700
자동차부품,123040
자동차부품,080470
자동차부품,091700
자동차부품,130500
자동차부품,092780
자동차부품,463480
자동차부품,354320
자동차부품,047400
자동차부품,008350
자동차부품,066590
자동차부품,090150
자동차부품,011070
자동차부품,089470
자동차부품,019540
자동차부품,101930
자동차부품,196700
자동차부품,017370
자동차부품,198940
자동차부품,105550
자동차부품,033250
자동차부품,263600
자동차부품,085910
자동차부품,113810
자동차부품,088290
자동차부품,024840
자동차부품,015260
자동차부품,013720
원자력발전소 해체,199430
원자력발전소 해체,052690
원자력발전소 해체,096350
원자력발전소 해체,034020
원자력발전소 해체,105840
원자력발전소 해체,083650
원자력발전소 해체,042370
원자력발전소 해체,000720
원자력발전소 해체,051600
원자력발전소 해체,032820
원자력발전소 해체,136150
원자력발전소 해체,098070
원자력발전소 해체,103230
원자력발전소 해체,348350
원자력발전소 해체,046120
자율주행차,071670
자율주행차,331740
자율주행차,005930
자율주행차,388790
자율주행차,403550
자율주행차,437730
자율주행차,204320
자율주행차,396270
자율주행차,424960
자율주행차,039290
자율주행차,000660
자율주행차,038950
자율주행차,317120
자율주행차,056080
자율주행차,097520
자율주행차,017670
자율주행차,370090
자율주행차,066570
자율주행차,000270
자율주행차,089010
자율주행차,214430
자율주행차,082210
자율주행차,094360
자율주행차,352910
자율주행차,126700
자율주행차,123410
자율주행차,003620
자율주행차,208860
자율주행차,005380
자율주행차,038880
자율주행차,025440
자율주행차,012330
자율주행차,054450
자율주행차,053700
자율주행차,118990
자율주행차,142210
자율주행차,125490
자율주행차,298830
자율주행차,009150
자율주행차,432720
자율주행차,088800
자율주행차,307950
자율주행차,030200
자율주행차,086960
자율주행차,053450
자율주행차,013570
자율주행차,025540
자율주행차,464080
자율주행차,035420
자율주행차,087260
자율주행차,084730
자율주행차,011070
자율주행차,092600
자율주행차,077500
자율주행차,105550
자율주행차,064800
자율주행차,050110
자율주행차,192650
자율주행차,271830
CXL(컴퓨트익스프레스링크),005930
CXL(컴퓨트익스프레스링크),043650
CXL(컴퓨트익스프레스링크),000660
CXL(컴퓨트익스프레스링크),019680
CXL(컴퓨트익스프레스링크),405100
CXL(컴퓨트익스프레스링크),394280
CXL(컴퓨트익스프레스링크),432720
CXL(컴퓨트익스프레스링크),092870
CXL(컴퓨트익스프레스링크),253590
CXL(컴퓨트익스프레스링크),007810
CXL(컴퓨트익스프레스링크),080580
CXL(컴퓨트익스프레스링크),356860
CXL(컴퓨트익스프레스링크),440110
증권,001290
증권,001270
증권,030610
증권,001200
증권,003540
증권,001510
증권,190650
증권,016610
증권,078020
증권,001750
증권,001500
증권,003470
증권,005940
증권,003530
증권,016360
증권,006800
증권,001720
증권,071050
증권,003460
증권,039490
증권,030210
강관업체(Steel pipe),071090
강관업체(Steel pipe),005010
강관업체(Steel pipe),306200
강관업체(Steel pipe),008970
강관업체(Steel pipe),014280
강관업체(Steel pipe),000970
강관업체(Steel pipe),263770
강관업체(Steel pipe),009730
강관업체(Steel pipe),100090
강관업체(Steel pipe),092790
강관업체(Steel pipe),146060
보안주(물리),083640
보안주(물리),303530
보안주(물리),264850
보안주(물리),340810
보안주(물리),417790
보안주(물리),012750
보안주(물리),236200
보안주(물리),087600
보안주(물리),143160
보안주(물리),006140
보안주(물리),094840
보안주(물리),039010
보안주(물리),489790
보안주(물리),356890
보안주(물리),140430
보안주(물리),446840
보안주(물리),092600
보안주(물리),424760
보안주(물리),331380
자전거,065450
자전거,123750
자전거,024950
요소수,001390
요소수,004000
요소수,069260
요소수,000910
요소수,047400
유리 기판,171010
유리 기판,204270
유리 기판,049950
유리 기판,161580
유리 기판,011790
유리 기판,267320
유리 기판,089010
유리 기판,450330
유리 기판,112290
유리 기판,264660
유리 기판,078150
유리 기판,420770
유리 기판,469750
유리 기판,302430
유리 기판,009150
유리 기판,323280
유리 기판,452450
유리 기판,452190
유리 기판,040910
유리 기판,083500
지주사,0126Z0
지주사,028260
지주사,028080
지주사,086520
지주사,900140
지주사,000210
지주사,084110
지주사,180640
지주사,005740
지주사,088390
지주사,034810
지주사,008930
지주사,003090
지주사,005810
지주사,007860
지주사,005440
지주사,001230
지주사,078930
지주사,002020
지주사,035610
지주사,096760
지주사,005250
지주사,034310
지주사,044820
지주사,034730
지주사,006040
지주사,017810
지주사,000640
지주사,102260
지주사,004840
지주사,024720
지주사,036830
지주사,000320
지주사,015360
지주사,060980
지주사,000150
지주사,003030
지주사,006880
지주사,003380
지주사,035810
지주사,009540
지주사,084690
지주사,001040
지주사,003550
지주사,054800
지주사,100250
지주사,004990
지주사,950250
지주사,010770
지주사,107590
지주사,005720
지주사,042370
지주사,363280
지주사,000140
지주사,012320
지주사,007340
지주사,004800
지주사,402340
지주사,000240
지주사,000480
지주사,001800
지주사,007540
지주사,036530
지주사,045970
지주사,192400
지주사,499790
지주사,063080
지주사,030530
지주사,383800
지주사,042420
지주사,058650
지주사,081660
지주사,001940
지주사,006200
지주사,015860
지주사,002790
지주사,006840
지주사,316140
지주사,003300
지주사,012630
지주사,005990
지주사,138040
지주사,016880
지주사,001430
지주사,025530
지주사,267250
지주사,027410
지주사,016450
지주사,229640
지주사,000700
지주사,092230
지주사,013570
지주사,086790
지주사,072470
지주사,487570
지주사,001630
지주사,105560
지주사,004150
지주사,071050
지주사,000590
지주사,139130
지주사,138930
지주사,072710
지주사,241560
지주사,489790
지주사,055550
지주사,000070
지주사,078070
지주사,000880
지주사,121440
지주사,010060
지주사,012030
지주사,123040
지주사,006120
지주사,003480
지주사,006260
지주사,002620
지주사,007700
지주사,000180
지주사,241590
지주사,175330
지주사,009970
지주사,039020
지주사,008060
지주사,054620
지주사,002030
LED장비,131290
LED장비,039030
LED장비,049950
LED장비,053610
LED장비,049080
LED장비,064760
LED장비,036930
LED장비,412350
LED장비,306620
LED장비,065130
LED장비,122640
플렉서블 디스플레이,251630
플렉서블 디스플레이,005930
플렉서블 디스플레이,213420
플렉서블 디스플레이,484120
플렉서블 디스플레이,265520
플렉서블 디스플레이,469610
플렉서블 디스플레이,161580
플렉서블 디스플레이,011790
플렉서블 디스플레이,079810
플렉서블 디스플레이,012610
플렉서블 디스플레이,178920
플렉서블 디스플레이,038060
플렉서블 디스플레이,056190
플렉서블 디스플레이,297890
플렉서블 디스플레이,036930
플렉서블 디스플레이,034220
플렉서블 디스플레이,131760
플렉서블 디스플레이,051370
플렉서블 디스플레이,120110
플렉서블 디스플레이,059100
플렉서블 디스플레이,141000
플렉서블 디스플레이,068790
플렉서블 디스플레이,089890
플렉서블 디스플레이,290520
플렉서블 디스플레이,179900
인터넷은행,041460
인터넷은행,131090
인터넷은행,039290
인터넷은행,115310
인터넷은행,035600
인터넷은행,053350
인터넷은행,022100
인터넷은행,203650
인터넷은행,030190
인터넷은행,090850
인터넷은행,100030
인터넷은행,007070
인터넷은행,005940
인터넷은행,205100
인터넷은행,064480
인터넷은행,035720
인터넷은행,052400
인터넷은행,323410
인터넷은행,030200
인터넷은행,046440
인터넷은행,016450
인터넷은행,053300
인터넷은행,067920
인터넷은행,105560
인터넷은행,071050
인터넷은행,054920
인터넷은행,042510
인터넷은행,131370
인터넷은행,279570
인터넷은행,088350
인터넷은행,053280
LED,290690
LED,005930
LED,046890
LED,092190
LED,001210
LED,061040
LED,037950
LED,065690
LED,066570
LED,011690
LED,178780
LED,014580
LED,032500
LED,038060
LED,073540
LED,082850
LED,036170
LED,281740
LED,214330
LED,045970
LED,017900
LED,015890
LED,072950
LED,121600
LED,050760
LED,382800
LED,096870
LED,025540
LED,256630
LED,272110
LED,307180
LED,106240
LED,092460
LED,037400
LED,080520
LED,043260
LED,004710
LED,153490
리모델링/인테리어,446070
리모델링/인테리어,025750
리모델링/인테리어,009240
리모델링/인테리어,309930
리모델링/인테리어,025900
리모델링/인테리어,008250
리모델링/인테리어,020710
리모델링/인테리어,079430
리모델링/인테리어,002380
리모델링/인테리어,108670
리모델링/인테리어,006570
리모델링/인테리어,066130
리모델링/인테리어,171120
리모델링/인테리어,018310
리모델링/인테리어,066620
리모델링/인테리어,007210
리모델링/인테리어,344820
리모델링/인테리어,005750
리모델링/인테리어,002820
리모델링/인테리어,037440
리모델링/인테리어,011090
리모델링/인테리어,285800
리모델링/인테리어,039020
리모델링/인테리어,037070
니켈,005490
니켈,004560
니켈,051910
니켈,080010
니켈,373220
니켈,032560
니켈,450080
니켈,001120
니켈,263770
니켈,047050
니켈,081150
니켈,377330
니켈,009190
니켈,011230
지역화폐,088340
지역화폐,094480
지역화폐,052400
지역화폐,294570
지역화폐,053580
콩/대두,017810
콩/대두,006880
콩/대두,007540
콩/대두,218150
콩/대두,248170
2차전지(전고체),096770
2차전지(전고체),006400
2차전지(전고체),294140
2차전지(전고체),282880
2차전지(전고체),011500
2차전지(전고체),020150
2차전지(전고체),457190
2차전지(전고체),025900
2차전지(전고체),049950
2차전지(전고체),078600
2차전지(전고체),413390
2차전지(전고체),267320
2차전지(전고체),373220
2차전지(전고체),131400
2차전지(전고체),222080
2차전지(전고체),281740
2차전지(전고체),278280
2차전지(전고체),277880
2차전지(전고체),083930
2차전지(전고체),055490
2차전지(전고체),009150
2차전지(전고체),259630
2차전지(전고체),361610
2차전지(전고체),307180
2차전지(전고체),452200
2차전지(전고체),317330
2차전지(전고체),382840
2차전지(전고체),357550
2차전지(전고체),299030
2차전지(전고체),059090
바이오인식(생체인식),094170
바이오인식(생체인식),131090
바이오인식(생체인식),232830
바이오인식(생체인식),097520
바이오인식(생체인식),340810
바이오인식(생체인식),203650
바이오인식(생체인식),236200
바이오인식(생체인식),208710
바이오인식(생체인식),094840
바이오인식(생체인식),047310
바이오인식(생체인식),347860
바이오인식(생체인식),076610
바이오인식(생체인식),317770
바이오인식(생체인식),036810
바이오인식(생체인식),091700
바이오인식(생체인식),042510
바이오인식(생체인식),077500
바이오인식(생체인식),203450
바이오인식(생체인식),192650
원자력발전,052690
원자력발전,375500
원자력발전,105740
원자력발전,096350
원자력발전,012210
원자력발전,019990
원자력발전,187220
원자력발전,038010
원자력발전,054540
원자력발전,388050
원자력발전,034020
원자력발전,015760
원자력발전,130660
원자력발전,105840
원자력발전,086670
원자력발전,053690
원자력발전,083650
원자력발전,006360
원자력발전,036190
원자력발전,126720
원자력발전,047040
원자력발전,011700
원자력발전,140520
원자력발전,006910
원자력발전,040610
원자력발전,036640
원자력발전,114190
원자력발전,045100
원자력발전,081150
원자력발전,000720
원자력발전,189860
원자력발전,013030
원자력발전,051600
원자력발전,044490
원자력발전,457550
원자력발전,023160
원자력발전,100840
원자력발전,032820
원자력발전,136150
원자력발전,098070
원자력발전,103230
원자력발전,095190
원자력발전,001440
원자력발전,010120
원자력발전,094820
원자력발전,007460
원자력발전,282720
원자력발전,046120
원자력발전,298040
원자력발전,014620
코로나19(진단키트),005690
코로나19(진단키트),249420
코로나19(진단키트),004720
코로나19(진단키트),317690
코로나19(진단키트),243070
코로나19(진단키트),206650
코로나19(진단키트),036220
코로나19(진단키트),060590
코로나19(진단키트),069620
코로나19(진단키트),238120
코로나19(진단키트),311690
코로나19(진단키트),137310
코로나19(진단키트),335810
코로나19(진단키트),228760
코로나19(진단키트),053980
코로나19(진단키트),377740
코로나19(진단키트),305090
코로나19(진단키트),185750
코로나19(진단키트),048530
코로나19(진단키트),096530
코로나19(진단키트),363250
코로나19(진단키트),354200
코로나19(진단키트),221800
코로나19(진단키트),950200
코로나19(진단키트),950130
코로나19(진단키트),142280
코로나19(진단키트),064550
코로나19(진단키트),039860
코로나19(진단키트),101140
코로나19(진단키트),109820
코로나19(진단키트),187420
코로나19(진단키트),205470
코로나19(진단키트),038460
코로나19(진단키트),286750
코로나19(진단키트),118000
코로나19(진단키트),084650
코로나19(진단키트),253840
코로나19(진단키트),206640
코로나19(진단키트),192650
코로나19(진단키트),225220
블록체인,041460
블록체인,131090
블록체인,150900
블록체인,053350
블록체인,034730
블록체인,203650
블록체인,017670
블록체인,003550
블록체인,192250
블록체인,039420
블록체인,042420
블록체인,112040
블록체인,035720
블록체인,030200
블록체인,018260
블록체인,000700
블록체인,035420
블록체인,027830
블록체인,054920
블록체인,286940
블록체인,042510
블록체인,184230
블록체인,124500
마이데이터,170790
마이데이터,158430
마이데이터,150900
마이데이터,030190
마이데이터,372800
마이데이터,294570
마이데이터,163730
마이데이터,036630
마이데이터,089850
마이데이터,035420
마이데이터,214180
퓨리오사AI,096250
퓨리오사AI,088340
퓨리오사AI,309960
퓨리오사AI,393210
퓨리오사AI,246690
퓨리오사AI,293580
퓨리오사AI,241520
퓨리오사AI,054300
퓨리오사AI,389140
퓨리오사AI,317770
퓨리오사AI,124500
건설기계,036890
건설기계,210540
건설기계,012210
건설기계,020400
건설기계,015230
건설기계,053160
건설기계,109860
건설기계,003010
건설기계,317850
건설기계,010240
건설기계,079900
건설기계,241560
건설기계,019770
건설기계,267270
건설기계,017550
건설기계,041440
핀테크(FinTech),041460
핀테크(FinTech),131090
핀테크(FinTech),158430
핀테크(FinTech),039290
핀테크(FinTech),232830
핀테크(FinTech),377300
핀테크(FinTech),035600
핀테크(FinTech),053350
핀테크(FinTech),034730
핀테크(FinTech),025770
핀테크(FinTech),094480
핀테크(FinTech),081580
핀테크(FinTech),060250
핀테크(FinTech),064480
핀테크(FinTech),064260
핀테크(FinTech),035720
핀테크(FinTech),052400
핀테크(FinTech),030200
핀테크(FinTech),046440
핀테크(FinTech),079940
핀테크(FinTech),163730
핀테크(FinTech),053300
핀테크(FinTech),067920
핀테크(FinTech),053580
핀테크(FinTech),234340
핀테크(FinTech),035420
핀테크(FinTech),054920
핀테크(FinTech),047560
핀테크(FinTech),042510
핀테크(FinTech),184230
핀테크(FinTech),214180
핀테크(FinTech),408470
핀테크(FinTech),052710
쿠팡(coupang),067170
쿠팡(coupang),004410
쿠팡(coupang),025770
쿠팡(coupang),004140
쿠팡(coupang),092200
쿠팡(coupang),009070
쿠팡(coupang),094480
쿠팡(coupang),297570
쿠팡(coupang),086980
쿠팡(coupang),006890
쿠팡(coupang),054300
쿠팡(coupang),006200
쿠팡(coupang),064260
쿠팡(coupang),365550
쿠팡(coupang),218150
쿠팡(coupang),234340
쿠팡(coupang),189980
쿠팡(coupang),160550
쿠팡(coupang),236810
쿠팡(coupang),289010
쿠팡(coupang),321820
리비안(RIVIAN),006400
리비안(RIVIAN),012860
리비안(RIVIAN),204320
리비안(RIVIAN),234100
리비안(RIVIAN),137400
리비안(RIVIAN),002880
리비안(RIVIAN),222080
리비안(RIVIAN),047050
리비안(RIVIAN),215360
리비안(RIVIAN),075970
리비안(RIVIAN),002710
리비안(RIVIAN),091580
리비안(RIVIAN),128540
리비안(RIVIAN),240600
리비안(RIVIAN),004270
리비안(RIVIAN),125210
리비안(RIVIAN),013570
리비안(RIVIAN),043370
리비안(RIVIAN),024890
리비안(RIVIAN),354320
리비안(RIVIAN),017370
비철금속,103140
비철금속,128660
비철금속,004560
비철금속,005810
비철금속,009520
비철금속,001530
비철금속,032560
비철금속,060480
비철금속,015890
비철금속,081150
비철금속,010130
비철금속,009730
비철금속,012800
비철금속,025820
비철금속,018470
비철금속,037760
비철금속,021050
비철금속,000670
비철금속,006110
비철금속,001780
비철금속,354320
비철금속,008350
비철금속,009190
비철금속,198940
비철금속,186230
통신,017670
통신,030200
통신,032640
음원/음반,122870
음원/음반,032800
음원/음반,060570
음원/음반,037270
음원/음반,043610
음원/음반,035900
음원/음반,041510
음원/음반,352820
음원/음반,035760
음원/음반,064260
음원/음반,035720
음원/음반,104200
음원/음반,361570
음원/음반,403850
음원/음반,173940
딥페이크(deepfake),047080
딥페이크(deepfake),150900
딥페이크(deepfake),340810
딥페이크(deepfake),456010
딥페이크(deepfake),330730
딥페이크(deepfake),443670
딥페이크(deepfake),411080
딥페이크(deepfake),197140
딥페이크(deepfake),347860
딥페이크(deepfake),476080
딥페이크(deepfake),355390
딥페이크(deepfake),047560
딥페이크(deepfake),042510
딥페이크(deepfake),075130
철강 중소형,162300
철강 중소형,053260
철강 중소형,008260
철강 중소형,071090
철강 중소형,004560
철강 중소형,005010
철강 중소형,475430
철강 중소형,069730
철강 중소형,002690
철강 중소형,001080
철강 중소형,140520
철강 중소형,007280
철강 중소형,012620
철강 중소형,133820
철강 중소형,008970
철강 중소형,014280
철강 중소형,000970
철강 중소형,263770
철강 중소형,012160
철강 중소형,049430
철강 중소형,100090
철강 중소형,002710
철강 중소형,004890
철강 중소형,005160
철강 중소형,048470
철강 중소형,060380
철강 중소형,139990
철강 중소형,017480
철강 중소형,092790
철강 중소형,021040
철강 중소형,039240
철강 중소형,002220
철강 중소형,008420
철강 중소형,146060
철강 중소형,023790
철강 중소형,026940
핵융합에너지,002240
핵융합에너지,034020
핵융합에너지,488900
핵융합에너지,042370
핵융합에너지,056190
핵융합에너지,250060
핵융합에너지,094820
핵융합에너지,001820
스마트카(SMART CAR),204320
스마트카(SMART CAR),039290
스마트카(SMART CAR),097520
스마트카(SMART CAR),352910
스마트카(SMART CAR),038880
스마트카(SMART CAR),000990
스마트카(SMART CAR),012330
스마트카(SMART CAR),118990
스마트카(SMART CAR),086960
스마트카(SMART CAR),053450
스마트카(SMART CAR),089850
스마트카(SMART CAR),087260
스마트카(SMART CAR),011070
NFT(대체불가토큰),005930
NFT(대체불가토큰),241840
NFT(대체불가토큰),158430
NFT(대체불가토큰),047820
NFT(대체불가토큰),094480
NFT(대체불가토큰),307930
NFT(대체불가토큰),058630
NFT(대체불가토큰),063080
NFT(대체불가토큰),112040
NFT(대체불가토큰),064260
NFT(대체불가토큰),035720
NFT(대체불가토큰),163730
NFT(대체불가토큰),041020
NFT(대체불가토큰),063170
NFT(대체불가토큰),035420
NFT(대체불가토큰),011420
NFT(대체불가토큰),201490
NFT(대체불가토큰),214270
NFT(대체불가토큰),293490
NFT(대체불가토큰),044480
미디어(방송/신문),040300
미디어(방송/신문),052220
미디어(방송/신문),033830
미디어(방송/신문),127710
미디어(방송/신문),035760
미디어(방송/신문),058400
미디어(방송/신문),310200
미디어(방송/신문),039340
미디어(방송/신문),053210
미디어(방송/신문),034120
미디어(방송/신문),033130
2차전지(장비),251630
2차전지(장비),257370
2차전지(장비),254120
2차전지(장비),282880
2차전지(장비),168360
2차전지(장비),290670
2차전지(장비),137400
2차전지(장비),378340
2차전지(장비),413390
2차전지(장비),161580
2차전지(장비),108230
2차전지(장비),267320
2차전지(장비),079810
2차전지(장비),222080
2차전지(장비),217820
2차전지(장비),372170
2차전지(장비),114190
2차전지(장비),078150
2차전지(장비),056190
2차전지(장비),129920
2차전지(장비),382480
2차전지(장비),081180
2차전지(장비),277880
2차전지(장비),241790
2차전지(장비),083930
2차전지(장비),469750
2차전지(장비),333620
2차전지(장비),302430
2차전지(장비),480370
2차전지(장비),131760
2차전지(장비),259630
2차전지(장비),452190
2차전지(장비),432470
2차전지(장비),032680
2차전지(장비),452200
2차전지(장비),109740
2차전지(장비),065130
2차전지(장비),382840
2차전지(장비),299030
2차전지(장비),148930
2차전지(장비),089890
2차전지(장비),262260
2차전지(장비),455180
2차전지(장비),110990
2차전지(장비),017370
2차전지(장비),076080
2차전지(장비),320000
전기차(충전소/충전기),028080
전기차(충전소/충전기),0011T0
전기차(충전소/충전기),011690
전기차(충전소/충전기),034730
전기차(충전소/충전기),063570
전기차(충전소/충전기),000270
전기차(충전소/충전기),217820
전기차(충전소/충전기),079960
전기차(충전소/충전기),006910
전기차(충전소/충전기),005380
전기차(충전소/충전기),066670
전기차(충전소/충전기),273640
전기차(충전소/충전기),459100
전기차(충전소/충전기),118990
전기차(충전소/충전기),002230
전기차(충전소/충전기),051360
전기차(충전소/충전기),032640
전기차(충전소/충전기),001740
전기차(충전소/충전기),453450
전기차(충전소/충전기),286940
전기차(충전소/충전기),307180
전기차(충전소/충전기),479960
전기차(충전소/충전기),248070
전기차(충전소/충전기),037560
전기차(충전소/충전기),115160
전자파,042700
전자파,294140
전자파,089010
전자파,217190
전자파,081580
전자파,053610
전자파,032960
전자파,049550
전자파,263810
전자파,154040
전자파,368600
전자파,052710
수소에너지(수소차/연료전지 등),122350
수소에너지(수소차/연료전지 등),036890
수소에너지(수소차/연료전지 등),105740
수소에너지(수소차/연료전지 등),011320
수소에너지(수소차/연료전지 등),096350
수소에너지(수소차/연료전지 등),126340
수소에너지(수소차/연료전지 등),234100
수소에너지(수소차/연료전지 등),023900
수소에너지(수소차/연료전지 등),009320
수소에너지(수소차/연료전지 등),095910
수소에너지(수소차/연료전지 등),034730
수소에너지(수소차/연료전지 등),089980
수소에너지(수소차/연료전지 등),023800
수소에너지(수소차/연료전지 등),086670
수소에너지(수소차/연료전지 등),009680
수소에너지(수소차/연료전지 등),000270
수소에너지(수소차/연료전지 등),085310
수소에너지(수소차/연료전지 등),013870
수소에너지(수소차/연료전지 등),081000
수소에너지(수소차/연료전지 등),041930
수소에너지(수소차/연료전지 등),004020
수소에너지(수소차/연료전지 등),037370
수소에너지(수소차/연료전지 등),090080
수소에너지(수소차/연료전지 등),265560
수소에너지(수소차/연료전지 등),064350
수소에너지(수소차/연료전지 등),298050
수소에너지(수소차/연료전지 등),271940
수소에너지(수소차/연료전지 등),010770
수소에너지(수소차/연료전지 등),145990
수소에너지(수소차/연료전지 등),298000
수소에너지(수소차/연료전지 등),056190
수소에너지(수소차/연료전지 등),005380
수소에너지(수소차/연료전지 등),078130
수소에너지(수소차/연료전지 등),0001A0
수소에너지(수소차/연료전지 등),382480
수소에너지(수소차/연료전지 등),038880
수소에너지(수소차/연료전지 등),025320
수소에너지(수소차/연료전지 등),038870
수소에너지(수소차/연료전지 등),215360
수소에너지(수소차/연료전지 등),019180
수소에너지(수소차/연료전지 등),064960
수소에너지(수소차/연료전지 등),033530
수소에너지(수소차/연료전지 등),053700
수소에너지(수소차/연료전지 등),018880
수소에너지(수소차/연료전지 등),288620
수소에너지(수소차/연료전지 등),382900
수소에너지(수소차/연료전지 등),000430
수소에너지(수소차/연료전지 등),009830
수소에너지(수소차/연료전지 등),120110
수소에너지(수소차/연료전지 등),013570
수소에너지(수소차/연료전지 등),126880
수소에너지(수소차/연료전지 등),136150
수소에너지(수소차/연료전지 등),013310
수소에너지(수소차/연료전지 등),361670
수소에너지(수소차/연료전지 등),033290
수소에너지(수소차/연료전지 등),080470
수소에너지(수소차/연료전지 등),010120
수소에너지(수소차/연료전지 등),336260
수소에너지(수소차/연료전지 등),092780
수소에너지(수소차/연료전지 등),377330
수소에너지(수소차/연료전지 등),066590
수소에너지(수소차/연료전지 등),104830
수소에너지(수소차/연료전지 등),096630
수소에너지(수소차/연료전지 등),019540
수소에너지(수소차/연료전지 등),110990
수소에너지(수소차/연료전지 등),212710
수소에너지(수소차/연료전지 등),012340
수소에너지(수소차/연료전지 등),011230
수소에너지(수소차/연료전지 등),298040
수소에너지(수소차/연료전지 등),170920
수소에너지(수소차/연료전지 등),290520
수소에너지(수소차/연료전지 등),059090
CCTV＆DVR,083640
CCTV＆DVR,143160
CCTV＆DVR,054220
CCTV＆DVR,015710
CCTV＆DVR,489790
CCTV＆DVR,092600
CCTV＆DVR,331380
소캠(SOCAMM),005930
소캠(SOCAMM),168360
소캠(SOCAMM),000660
소캠(SOCAMM),309960
소캠(SOCAMM),095340
소캠(SOCAMM),425420
소캠(SOCAMM),353200
소캠(SOCAMM),007810
소캠(SOCAMM),222800
소캠(SOCAMM),356860
소캠(SOCAMM),033160
재택근무/스마트워크,038680
재택근무/스마트워크,150900
재택근무/스마트워크,033320
재택근무/스마트워크,173130
재택근무/스마트워크,042500
재택근무/스마트워크,012510
재택근무/스마트워크,181710
재택근무/스마트워크,067010
재택근무/스마트워크,094280
재택근무/스마트워크,290270
재택근무/스마트워크,036630
재택근무/스마트워크,041020
재택근무/스마트워크,189690
재택근무/스마트워크,060850
재택근무/스마트워크,258790
재택근무/스마트워크,131370
치아 치료(임플란트 등),318060
치아 치료(임플란트 등),039200
치아 치료(임플란트 등),226400
치아 치료(임플란트 등),138610
치아 치료(임플란트 등),450330
치아 치료(임플란트 등),261200
치아 치료(임플란트 등),004080
치아 치료(임플란트 등),043150
치아 치료(임플란트 등),052260
치아 치료(임플란트 등),448900
치아 치료(임플란트 등),059210
치아 치료(임플란트 등),145720
치아 치료(임플란트 등),228670
치아 치료(임플란트 등),039840
남-북-러 가스관사업,105740
남-북-러 가스관사업,071090
남-북-러 가스관사업,005010
남-북-러 가스관사업,306200
남-북-러 가스관사업,085310
남-북-러 가스관사업,008970
남-북-러 가스관사업,100090
남-북-러 가스관사업,048470
남-북-러 가스관사업,039610
남-북-러 가스관사업,060380
남-북-러 가스관사업,017480
남-북-러 가스관사업,008420
남-북-러 가스관사업,026940
"스포츠행사 수혜(올림픽, 월드컵 등)",027710
"스포츠행사 수혜(올림픽, 월드컵 등)",035810
"스포츠행사 수혜(올림픽, 월드컵 등)",000140
"스포츠행사 수혜(올림픽, 월드컵 등)",067160
"스포츠행사 수혜(올림픽, 월드컵 등)",136480
"스포츠행사 수혜(올림픽, 월드컵 등)",034120
"스포츠행사 수혜(올림픽, 월드컵 등)",088910
"스포츠행사 수혜(올림픽, 월드컵 등)",027740
"스포츠행사 수혜(올림픽, 월드컵 등)",000080
전력저장장치(ESS),096770
전력저장장치(ESS),006400
전력저장장치(ESS),493330
전력저장장치(ESS),126340
전력저장장치(ESS),137400
전력저장장치(ESS),388050
전력저장장치(ESS),107640
전력저장장치(ESS),022100
전력저장장치(ESS),089980
전력저장장치(ESS),066570
전력저장장치(ESS),130660
전력저장장치(ESS),373220
전력저장장치(ESS),222080
전력저장장치(ESS),140670
전력저장장치(ESS),004490
전력저장장치(ESS),217820
전력저장장치(ESS),348370
전력저장장치(ESS),054090
전력저장장치(ESS),273640
전력저장장치(ESS),241690
전력저장장치(ESS),475150
전력저장장치(ESS),047310
전력저장장치(ESS),396300
전력저장장치(ESS),024900
전력저장장치(ESS),054210
전력저장장치(ESS),267260
전력저장장치(ESS),125210
전력저장장치(ESS),259630
전력저장장치(ESS),082920
전력저장장치(ESS),009470
전력저장장치(ESS),011930
전력저장장치(ESS),453450
전력저장장치(ESS),393890
전력저장장치(ESS),322000
전력저장장치(ESS),010120
전력저장장치(ESS),416180
전력저장장치(ESS),290550
전력저장장치(ESS),178320
전력저장장치(ESS),001820
전력저장장치(ESS),282720
전력저장장치(ESS),298040
면세점,004170
면세점,025770
면세점,214420
면세점,950170
면세점,012630
면세점,069960
면세점,204620
면세점,008770
모바일콘텐츠(스마트폰/태블릿PC),020120
모바일콘텐츠(스마트폰/태블릿PC),207760
모바일콘텐츠(스마트폰/태블릿PC),068290
모바일콘텐츠(스마트폰/태블릿PC),040300
모바일콘텐츠(스마트폰/태블릿PC),039290
모바일콘텐츠(스마트폰/태블릿PC),057680
모바일콘텐츠(스마트폰/태블릿PC),043610
모바일콘텐츠(스마트폰/태블릿PC),078340
모바일콘텐츠(스마트폰/태블릿PC),036030
모바일콘텐츠(스마트폰/태블릿PC),402340
모바일콘텐츠(스마트폰/태블릿PC),208860
모바일콘텐츠(스마트폰/태블릿PC),063080
모바일콘텐츠(스마트폰/태블릿PC),042420
모바일콘텐츠(스마트폰/태블릿PC),064260
모바일콘텐츠(스마트폰/태블릿PC),035720
모바일콘텐츠(스마트폰/태블릿PC),418470
모바일콘텐츠(스마트폰/태블릿PC),030200
모바일콘텐츠(스마트폰/태블릿PC),046440
모바일콘텐츠(스마트폰/태블릿PC),032540
모바일콘텐츠(스마트폰/태블릿PC),041020
모바일콘텐츠(스마트폰/태블릿PC),189690
모바일콘텐츠(스마트폰/태블릿PC),057030
모바일콘텐츠(스마트폰/태블릿PC),035420
모바일콘텐츠(스마트폰/태블릿PC),104200
모바일콘텐츠(스마트폰/태블릿PC),054920
모바일콘텐츠(스마트폰/태블릿PC),108860
모바일콘텐츠(스마트폰/태블릿PC),075130
모바일콘텐츠(스마트폰/태블릿PC),030520
모바일콘텐츠(스마트폰/태블릿PC),263720
모바일콘텐츠(스마트폰/태블릿PC),214180
모바일콘텐츠(스마트폰/태블릿PC),289220
모바일콘텐츠(스마트폰/태블릿PC),417180
SI(시스템통합),115500
SI(시스템통합),032850
SI(시스템통합),319400
SI(시스템통합),022100
SI(시스템통합),034730
SI(시스템통합),234300
SI(시스템통합),045510
SI(시스템통합),272210
SI(시스템통합),035510
SI(시스템통합),020180
SI(시스템통합),053980
SI(시스템통합),173130
SI(시스템통합),042500
SI(시스템통합),039420
SI(시스템통합),029480
SI(시스템통합),023590
SI(시스템통합),267850
SI(시스템통합),307950
SI(시스템통합),263800
SI(시스템통합),018260
SI(시스템통합),064400
SI(시스템통합),010280
SI(시스템통합),049470
SI(시스템통합),070590
SI(시스템통합),286940
SI(시스템통합),012030
SI(시스템통합),242040
SI(시스템통합),052460
SI(시스템통합),184230
SI(시스템통합),124500
해저터널(지하화/지하도로 등),011390
해저터널(지하화/지하도로 등),017510
해저터널(지하화/지하도로 등),025550
해저터널(지하화/지하도로 등),060370
해저터널(지하화/지하도로 등),046940
해저터널(지하화/지하도로 등),028100
해저터널(지하화/지하도로 등),026150
해저터널(지하화/지하도로 등),006260
해저터널(지하화/지하도로 등),125020
클라우드 컴퓨팅,307870
클라우드 컴퓨팅,170790
클라우드 컴퓨팅,072130
클라우드 컴퓨팅,328380
클라우드 컴퓨팅,022100
클라우드 컴퓨팅,034730
클라우드 컴퓨팅,017670
클라우드 컴퓨팅,304100
클라우드 컴퓨팅,443670
클라우드 컴퓨팅,192250
클라우드 컴퓨팅,012510
클라우드 컴퓨팅,093320
클라우드 컴퓨팅,023590
클라우드 컴퓨팅,205100
클라우드 컴퓨팅,094280
클라우드 컴퓨팅,220180
클라우드 컴퓨팅,030200
클라우드 컴퓨팅,079940
클라우드 컴퓨팅,049480
클라우드 컴퓨팅,290270
클라우드 컴퓨팅,018260
클라우드 컴퓨팅,064400
클라우드 컴퓨팅,041020
클라우드 컴퓨팅,189690
클라우드 컴퓨팅,060850
클라우드 컴퓨팅,053800
클라우드 컴퓨팅,035420
클라우드 컴퓨팅,010280
클라우드 컴퓨팅,049470
클라우드 컴퓨팅,012030
클라우드 컴퓨팅,242040
클라우드 컴퓨팅,058970
클라우드 컴퓨팅,069410
클라우드 컴퓨팅,030520
클라우드 컴퓨팅,184230
클라우드 컴퓨팅,064800
AI 챗봇(챗GPT 등),096250
AI 챗봇(챗GPT 등),072130
AI 챗봇(챗GPT 등),039290
AI 챗봇(챗GPT 등),402030
AI 챗봇(챗GPT 등),300080
AI 챗봇(챗GPT 등),304100
AI 챗봇(챗GPT 등),301300
AI 챗봇(챗GPT 등),466410
AI 챗봇(챗GPT 등),443670
AI 챗봇(챗GPT 등),039980
AI 챗봇(챗GPT 등),357880
AI 챗봇(챗GPT 등),205100
AI 챗봇(챗GPT 등),333050
AI 챗봇(챗GPT 등),064480
AI 챗봇(챗GPT 등),035720
AI 챗봇(챗GPT 등),007660
AI 챗봇(챗GPT 등),377480
AI 챗봇(챗GPT 등),263800
AI 챗봇(챗GPT 등),018260
AI 챗봇(챗GPT 등),041020
AI 챗봇(챗GPT 등),279600
AI 챗봇(챗GPT 등),060850
AI 챗봇(챗GPT 등),417970
AI 챗봇(챗GPT 등),035420
AI 챗봇(챗GPT 등),0007C0
AI 챗봇(챗GPT 등),108860
AI 챗봇(챗GPT 등),450520
AI 챗봇(챗GPT 등),047560
AI 챗봇(챗GPT 등),204620
AI 챗봇(챗GPT 등),030520
AI 챗봇(챗GPT 등),099390
UAM(도심항공모빌리티),003490
UAM(도심항공모빌리티),035460
UAM(도심항공모빌리티),017960
UAM(도심항공모빌리티),079550
UAM(도심항공모빌리티),078930
UAM(도심항공모빌리티),047810
UAM(도심항공모빌리티),012450
UAM(도심항공모빌리티),221840
UAM(도심항공모빌리티),017670
UAM(도심항공모빌리티),272210
UAM(도심항공모빌리티),010820
UAM(도심항공모빌리티),089590
UAM(도심항공모빌리티),005380
UAM(도심항공모빌리티),274090
UAM(도심항공모빌리티),000720
UAM(도심항공모빌리티),002350
UAM(도심항공모빌리티),200880
UAM(도심항공모빌리티),035720
UAM(도심항공모빌리티),030200
UAM(도심항공모빌리티),004270
UAM(도심항공모빌리티),032640
UAM(도심항공모빌리티),306620
UAM(도심항공모빌리티),066590
UAM(도심항공모빌리티),368770
UAM(도심항공모빌리티),177350
SNS(소셜네트워크서비스),072130
SNS(소셜네트워크서비스),039290
SNS(소셜네트워크서비스),065440
SNS(소셜네트워크서비스),094480
SNS(소셜네트워크서비스),067160
SNS(소셜네트워크서비스),035720
SNS(소셜네트워크서비스),079940
SNS(소셜네트워크서비스),035420
SNS(소셜네트워크서비스),104200
SNS(소셜네트워크서비스),064800
종합 물류,014130
종합 물류,004140
종합 물류,003100
종합 물류,000120
종합 물류,086280
종합 물류,009070
종합 물류,040610
종합 물류,124560
종합 물류,024800
종합 물류,002320
종합 물류,009180
종합 물류,129260
종합 물류,033290
종합 물류,004360
종합 물류,465770
종합 물류,032280
스마트팩토리(스마트공장),388720
스마트팩토리(스마트공장),282880
스마트팩토리(스마트공장),290090
스마트팩토리(스마트공장),322180
스마트팩토리(스마트공장),059120
스마트팩토리(스마트공장),317830
스마트팩토리(스마트공장),319400
스마트팩토리(스마트공장),022100
스마트팩토리(스마트공장),034730
스마트팩토리(스마트공장),108230
스마트팩토리(스마트공장),086670
스마트팩토리(스마트공장),099440
스마트팩토리(스마트공장),381620
스마트팩토리(스마트공장),140670
스마트팩토리(스마트공장),011700
스마트팩토리(스마트공장),090710
스마트팩토리(스마트공장),484810
스마트팩토리(스마트공장),003550
스마트팩토리(스마트공장),056190
스마트팩토리(스마트공장),012510
스마트팩토리(스마트공장),075970
스마트팩토리(스마트공장),219420
스마트팩토리(스마트공장),094280
스마트팩토리(스마트공장),086960
스마트팩토리(스마트공장),049480
스마트팩토리(스마트공장),018260
스마트팩토리(스마트공장),452450
스마트팩토리(스마트공장),064400
스마트팩토리(스마트공장),391710
스마트팩토리(스마트공장),232680
스마트팩토리(스마트공장),373170
스마트팩토리(스마트공장),098460
스마트팩토리(스마트공장),010120
스마트팩토리(스마트공장),007820
스마트팩토리(스마트공장),004380
스마트팩토리(스마트공장),048770
스마트팩토리(스마트공장),347890
스마트팩토리(스마트공장),351330
스마트팩토리(스마트공장),271830
두나무(Dunamu),002020
두나무(Dunamu),246690
두나무(Dunamu),003530
두나무(Dunamu),021080
두나무(Dunamu),241520
두나무(Dunamu),035720
두나무(Dunamu),095660
두나무(Dunamu),120110
두나무(Dunamu),011930
두나무(Dunamu),027830
두나무(Dunamu),041190
남-북-러 가스관사업,105740
남-북-러 가스관사업,071090
남-북-러 가스관사업,005010
남-북-러 가스관사업,306200
남-북-러 가스관사업,085310
남-북-러 가스관사업,008970
남-북-러 가스관사업,100090
남-북-러 가스관사업,048470
남-북-러 가스관사업,039610
남-북-러 가스관사업,060380
남-북-러 가스관사업,017480
남-북-러 가스관사업,008420
남-북-러 가스관사업,026940
가상현실(VR),094170
가상현실(VR),005930
가상현실(VR),274400
가상현실(VR),058610
가상현실(VR),038680
가상현실(VR),047080
가상현실(VR),066310
가상현실(VR),020710
가상현실(VR),066570
가상현실(VR),126700
가상현실(VR),033320
가상현실(VR),094360
가상현실(VR),067160
가상현실(VR),418420
가상현실(VR),053450
가상현실(VR),054210
가상현실(VR),190510
가상현실(VR),045340
가상현실(VR),194480
가상현실(VR),096630
가상현실(VR),299900
가상현실(VR),418620
가상현실(VR),193250
가상현실(VR),035620
가상현실(VR),206560
가상현실(VR),290520
가상현실(VR),431190
우주태양광(페로브스카이트 등),078600
우주태양광(페로브스카이트 등),015760
우주태양광(페로브스카이트 등),171090
우주태양광(페로브스카이트 등),086390
우주태양광(페로브스카이트 등),255440
우주태양광(페로브스카이트 등),009830
우주태양광(페로브스카이트 등),322000
우주태양광(페로브스카이트 등),241770
우주태양광(페로브스카이트 등),489500
우주태양광(페로브스카이트 등),357550
부동산 보유 자산주,006730
부동산 보유 자산주,004170
부동산 보유 자산주,004060
부동산 보유 자산주,001530
부동산 보유 자산주,006040
부동산 보유 자산주,128820
부동산 보유 자산주,000050
부동산 보유 자산주,009070
부동산 보유 자산주,005300
부동산 보유 자산주,003380
부동산 보유 자산주,067830
부동산 보유 자산주,038500
부동산 보유 자산주,010780
부동산 보유 자산주,003200
부동산 보유 자산주,001460
부동산 보유 자산주,139480
부동산 보유 자산주,003610
부동산 보유 자산주,294870
부동산 보유 자산주,029530
부동산 보유 자산주,005800
부동산 보유 자산주,000650
부동산 보유 자산주,084670
마리화나(대마),065170
마리화나(대마),389470
마리화나(대마),256840
마리화나(대마),060590
마리화나(대마),052420
마리화나(대마),082850
마리화나(대마),265740
마리화나(대마),278650
마리화나(대마),061250
마리화나(대마),900100
태양광에너지,028260
태양광에너지,104040
태양광에너지,058730
태양광에너지,093520
태양광에너지,388050
태양광에너지,095910
태양광에너지,078600
태양광에너지,043200
태양광에너지,015760
태양광에너지,042600
태양광에너지,086390
태양광에너지,126720
태양광에너지,140670
태양광에너지,002380
태양광에너지,083310
태양광에너지,003010
태양광에너지,281740
태양광에너지,240810
태양광에너지,003070
태양광에너지,475150
태양광에너지,121600
태양광에너지,036930
태양광에너지,382800
태양광에너지,083930
태양광에너지,050760
태양광에너지,002150
태양광에너지,009830
태양광에너지,456040
태양광에너지,183300
태양광에너지,099220
태양광에너지,109610
태양광에너지,389260
태양광에너지,011930
태양광에너지,453450
태양광에너지,322000
태양광에너지,000880
태양광에너지,010060
태양광에너지,010120
태양광에너지,060900
태양광에너지,282720
태양광에너지,039020
태양광에너지,012340
태양광에너지,115530
태양광에너지,004710
가상화폐(비트코인 등),036090
가상화폐(비트코인 등),093520
가상화폐(비트코인 등),057680
가상화폐(비트코인 등),033320
가상화폐(비트코인 등),094480
가상화폐(비트코인 등),058630
가상화폐(비트코인 등),246690
가상화폐(비트코인 등),290560
가상화폐(비트코인 등),063080
가상화폐(비트코인 등),003530
가상화폐(비트코인 등),021080
가상화폐(비트코인 등),042420
가상화폐(비트코인 등),112040
가상화폐(비트코인 등),064260
가상화폐(비트코인 등),035720
가상화폐(비트코인 등),095660
가상화폐(비트코인 등),046440
가상화폐(비트코인 등),101140
가상화폐(비트코인 등),049470
가상화폐(비트코인 등),036620
가상화폐(비트코인 등),041190
가상화폐(비트코인 등),214270
가상화폐(비트코인 등),184230
가상화폐(비트코인 등),019550
가상화폐(비트코인 등),377030
건강기능식품,065170
건강기능식품,260970
건강기능식품,084990
건강기능식품,048870
건강기능식품,314140
건강기능식품,353190
건강기능식품,223310
건강기능식품,243070
건강기능식품,214370
건강기능식품,047920
건강기능식품,195940
건강기능식품,123840
건강기능식품,078160
건강기능식품,092730
건강기능식품,234690
건강기능식품,357230
건강기능식품,293780
건강기능식품,084690
건강기능식품,270870
건강기능식품,003220
건강기능식품,435570
건강기능식품,362320
건강기능식품,008490
건강기능식품,200130
건강기능식품,225430
건강기능식품,063160
건강기능식품,194700
건강기능식품,051900
건강기능식품,180400
건강기능식품,049960
건강기능식품,001630
건강기능식품,168330
건강기능식품,239610
건강기능식품,033780
건강기능식품,092040
건강기능식품,471820
건강기능식품,238200
건강기능식품,222040
건강기능식품,318010
건강기능식품,035080
건강기능식품,142760
건강기능식품,377220
건강기능식품,053950
건강기능식품,153490
황사/미세먼지,131030
황사/미세먼지,065950
황사/미세먼지,001060
황사/미세먼지,003850
황사/미세먼지,083550
황사/미세먼지,383310
황사/미세먼지,022100
황사/미세먼지,089980
황사/미세먼지,002720
황사/미세먼지,069140
황사/미세먼지,065510
황사/미세먼지,001540
황사/미세먼지,066130
황사/미세먼지,021240
황사/미세먼지,000520
황사/미세먼지,044340
황사/미세먼지,187790
황사/미세먼지,068100
황사/미세먼지,080470
황사/미세먼지,352700
황사/미세먼지,079190
황사/미세먼지,012690
황사/미세먼지,071840
황사/미세먼지,045520
황사/미세먼지,037070
두나무(Dunamu),002020
두나무(Dunamu),246690
두나무(Dunamu),003530
두나무(Dunamu),021080
두나무(Dunamu),241520
두나무(Dunamu),035720
두나무(Dunamu),095660
두나무(Dunamu),120110
두나무(Dunamu),011930
두나무(Dunamu),027830
두나무(Dunamu),041190
스테이블코인,308100
스테이블코인,223310
스테이블코인,158430
스테이블코인,232830
스테이블코인,377300
스테이블코인,035600
스테이블코인,203650
스테이블코인,462860
스테이블코인,060250
스테이블코인,112040
스테이블코인,064260
스테이블코인,046440
스테이블코인,294570
스테이블코인,163730
스테이블코인,053300
스테이블코인,064400
스테이블코인,234340
스테이블코인,035420
스테이블코인,054920
스테이블코인,201490
스테이블코인,042510
스테이블코인,214180
스테이블코인,199480
스테이블코인,124500
스테이블코인,205500
캐릭터상품,039830
캐릭터상품,066910
캐릭터상품,048910
캐릭터상품,403850
캐릭터상품,317530
캐릭터상품,194480
캐릭터상품,073570
캐릭터상품,369370
캐릭터상품,419530
STO(토큰증권 발행),102370
STO(토큰증권 발행),158430
STO(토큰증권 발행),030610
STO(토큰증권 발행),088340
STO(토큰증권 발행),001200
STO(토큰증권 발행),001510
STO(토큰증권 발행),094480
STO(토큰증권 발행),190650
STO(토큰증권 발행),005940
STO(토큰증권 발행),003530
STO(토큰증권 발행),064260
STO(토큰증권 발행),372800
STO(토큰증권 발행),163730
STO(토큰증권 발행),053300
STO(토큰증권 발행),086790
STO(토큰증권 발행),105560
STO(토큰증권 발행),071050
STO(토큰증권 발행),234340
STO(토큰증권 발행),063170
STO(토큰증권 발행),055550
STO(토큰증권 발행),039490
STO(토큰증권 발행),041190
STO(토큰증권 발행),011420
STO(토큰증권 발행),199480
STO(토큰증권 발행),124500
반도체 장비,413630
반도체 장비,090360
반도체 장비,254120
반도체 장비,131290
반도체 장비,319660
반도체 장비,039030
반도체 장비,089970
반도체 장비,042700
반도체 장비,031980
반도체 장비,168360
반도체 장비,095610
반도체 장비,0015G0
반도체 장비,452160
반도체 장비,265520
반도체 장비,217500
반도체 장비,469610
반도체 장비,281820
반도체 장비,083450
반도체 장비,217190
반도체 장비,086390
반도체 장비,140670
반도체 장비,264660
반도체 장비,083310
반도체 장비,071280
반도체 장비,402490
반도체 장비,056190
반도체 장비,227950
반도체 장비,420770
반도체 장비,053610
반도체 장비,041520
반도체 장비,417840
반도체 장비,240810
반도체 장비,081180
반도체 장비,045100
반도체 장비,049080
반도체 장비,064760
반도체 장비,064290
반도체 장비,140070
반도체 장비,241790
반도체 장비,030530
반도체 장비,058470
반도체 장비,036930
반도체 장비,382800
반도체 장비,045300
반도체 장비,036170
반도체 장비,412350
반도체 장비,084370
반도체 장비,036540
반도체 장비,321260
반도체 장비,037350
반도체 장비,039440
반도체 장비,183300
반도체 장비,092870
반도체 장비,0017J0
반도체 장비,425420
반도체 장비,253590
반도체 장비,011930
반도체 장비,256630
반도체 장비,029460
반도체 장비,489790
반도체 장비,053080
반도체 장비,140860
반도체 장비,036200
반도체 장비,232680
반도체 장비,224060
반도체 장비,098460
반도체 장비,396470
반도체 장비,330860
반도체 장비,036810
반도체 장비,232140
반도체 장비,306620
반도체 장비,323350
반도체 장비,025560
반도체 장비,065130
반도체 장비,348350
반도체 장비,178320
반도체 장비,451220
반도체 장비,090470
반도체 장비,122640
반도체 장비,079370
반도체 장비,067310
반도체 장비,089890
반도체 장비,160980
반도체 장비,348210
반도체 장비,110990
반도체 장비,089790
반도체 장비,089030
반도체 장비,403870
반도체 장비,187870
반도체 장비,212710
반도체 장비,003160
반도체 장비,322310
반도체 장비,200470
반도체 장비,159010
반도체 장비,271830
피팅(관이음쇠)/밸브,105740
피팅(관이음쇠)/밸브,086670
피팅(관이음쇠)/밸브,025550
피팅(관이음쇠)/밸브,013030
피팅(관이음쇠)/밸브,073010
피팅(관이음쇠)/밸브,023160
피팅(관이음쇠)/밸브,039610
피팅(관이음쇠)/밸브,452280
피팅(관이음쇠)/밸브,014620
일자리(취업),440320
일자리(취업),143240
일자리(취업),133750
일자리(취업),246690
일자리(취업),339950
일자리(취업),241520
일자리(취업),373160
일자리(취업),027830
일자리(취업),376980
카카오뱅크(kakao BANK),039290
카카오뱅크(kakao BANK),053350
카카오뱅크(kakao BANK),203650
카카오뱅크(kakao BANK),205100
카카오뱅크(kakao BANK),035720
카카오뱅크(kakao BANK),323410
카카오뱅크(kakao BANK),016450
카카오뱅크(kakao BANK),105560
카카오뱅크(kakao BANK),071050
카카오뱅크(kakao BANK),131370
카카오뱅크(kakao BANK),053280
모바일솔루션(스마트폰),072130
모바일솔루션(스마트폰),039290
모바일솔루션(스마트폰),088340
모바일솔루션(스마트폰),078000
모바일솔루션(스마트폰),065440
모바일솔루션(스마트폰),094480
모바일솔루션(스마트폰),100030
모바일솔루션(스마트폰),042000
모바일솔루션(스마트폰),051160
모바일솔루션(스마트폰),064260
모바일솔루션(스마트폰),086960
모바일솔루션(스마트폰),039560
모바일솔루션(스마트폰),163730
모바일솔루션(스마트폰),115610
모바일솔루션(스마트폰),041020
모바일솔루션(스마트폰),153460
모바일솔루션(스마트폰),089850
모바일솔루션(스마트폰),139670
모바일솔루션(스마트폰),108860
모바일솔루션(스마트폰),058970
모바일솔루션(스마트폰),065370
모바일솔루션(스마트폰),099390
모바일솔루션(스마트폰),064800
생명보험,032830
생명보험,085620
생명보험,082640
생명보험,003690
생명보험,088350
폴더블폰,094170
폴더블폰,005930
폴더블폰,272290
폴더블폰,484120
폴더블폰,060720
폴더블폰,051910
폴더블폰,011790
폴더블폰,089010
폴더블폰,178920
폴더블폰,148150
폴더블폰,285490
폴더블폰,034220
폴더블폰,055490
폴더블폰,009150
폴더블폰,131760
폴더블폰,051370
폴더블폰,120110
폴더블폰,441270
폴더블폰,290550
폴더블폰,090460
폴더블폰,014190
폴더블폰,027580
폴더블폰,096630
폴더블폰,179900
창투사,026890
창투사,016600
창투사,309960
창투사,330730
창투사,440290
창투사,307930
창투사,246690
창투사,019570
창투사,289080
창투사,293580
창투사,021080
창투사,241520
창투사,027830
창투사,277070
창투사,041190
창투사,100790
창투사,075130
창투사,452300
창투사,019550
창투사,027360
전력설비,006340
전력설비,033100
전력설비,388050
전력설비,034020
전력설비,062040
전력설비,119850
전력설비,015760
전력설비,130660
전력설비,017510
전력설비,036190
전력설비,103590
전력설비,294630
전력설비,060370
전력설비,006910
전력설비,042370
전력설비,189860
전력설비,199820
전력설비,147830
전력설비,051600
전력설비,054220
전력설비,267260
전력설비,229640
전력설비,001440
전력설비,479960
전력설비,096690
전력설비,038460
전력설비,007610
전력설비,010120
전력설비,006260
전력설비,237750
전력설비,125020
전력설비,298040
전력설비,000500
전력설비,024840
스마트폰,094170
스마트폰,049070
스마트폰,005930
스마트폰,191410
스마트폰,006400
스마트폰,061040
스마트폰,294140
스마트폰,064520
스마트폰,204270
스마트폰,213420
스마트폰,059120
스마트폰,060720
스마트폰,091120
스마트폰,126700
스마트폰,089010
스마트폰,290740
스마트폰,069330
스마트폰,192440
스마트폰,332570
스마트폰,052860
스마트폰,081580
스마트폰,101330
스마트폰,066670
스마트폰,148150
스마트폰,049080
스마트폰,056700
스마트폰,285490
스마트폰,025320
스마트폰,047310
스마트폰,034220
스마트폰,080420
스마트폰,373200
스마트폰,055490
스마트폰,076610
스마트폰,054040
스마트폰,190510
스마트폰,125210
스마트폰,051360
스마트폰,115610
스마트폰,051370
스마트폰,353200
스마트폰,033240
스마트폰,049520
스마트폰,096870
스마트폰,091700
스마트폰,290550
스마트폰,154040
스마트폰,459550
스마트폰,198080
스마트폰,079190
스마트폰,178320
스마트폰,011070
스마트폰,036010
스마트폰,073110
스마트폰,376290
스마트폰,193250
스마트폰,052710
스마트폰,043590
스마트폰,050110
스마트폰,192650
스마트폰,032580
스마트폰,179900
모바일게임(스마트폰),069080
모바일게임(스마트폰),348030
모바일게임(스마트폰),207760
모바일게임(스마트폰),047080
모바일게임(스마트폰),462870
모바일게임(스마트폰),950190
모바일게임(스마트폰),094860
모바일게임(스마트폰),036570
모바일게임(스마트폰),204610
모바일게임(스마트폰),078340
모바일게임(스마트폰),192080
모바일게임(스마트폰),058630
모바일게임(스마트폰),208640
모바일게임(스마트폰),263750
모바일게임(스마트폰),063080
모바일게임(스마트폰),042420
모바일게임(스마트폰),112040
모바일게임(스마트폰),259960
모바일게임(스마트폰),181710
모바일게임(스마트폰),095660
모바일게임(스마트폰),123420
모바일게임(스마트폰),052790
모바일게임(스마트폰),101730
모바일게임(스마트폰),251270
모바일게임(스마트폰),035420
모바일게임(스마트폰),201490
모바일게임(스마트폰),047560
모바일게임(스마트폰),194480
모바일게임(스마트폰),067000
모바일게임(스마트폰),023770
모바일게임(스마트폰),225570
모바일게임(스마트폰),293490
모바일게임(스마트폰),331520
모바일게임(스마트폰),193250
모바일게임(스마트폰),205500
모바일게임(스마트폰),217270
뉴로모픽 반도체,005930
뉴로모픽 반도체,394280
뉴로모픽 반도체,445090
뉴로모픽 반도체,330860
뉴로모픽 반도체,389020
뉴로모픽 반도체,092600
뉴로모픽 반도체,033640
HBM(고대역폭메모리),005930
HBM(고대역폭메모리),039030
HBM(고대역폭메모리),042700
HBM(고대역폭메모리),031980
HBM(고대역폭메모리),168360
HBM(고대역폭메모리),307750
HBM(고대역폭메모리),000660
HBM(고대역폭메모리),281820
HBM(고대역폭메모리),217190
HBM(고대역폭메모리),086390
HBM(고대역폭메모리),112290
HBM(고대역폭메모리),095340
HBM(고대역폭메모리),220260
HBM(고대역폭메모리),412350
HBM(고대역폭메모리),405100
HBM(고대역폭메모리),394280
HBM(고대역폭메모리),254490
HBM(고대역폭메모리),039440
HBM(고대역폭메모리),489790
HBM(고대역폭메모리),098460
HBM(고대역폭메모리),396470
HBM(고대역폭메모리),232140
HBM(고대역폭메모리),097800
HBM(고대역폭메모리),451220
HBM(고대역폭메모리),424980
HBM(고대역폭메모리),122640
HBM(고대역폭메모리),079370
HBM(고대역폭메모리),348210
HBM(고대역폭메모리),110990
HBM(고대역폭메모리),033160
HBM(고대역폭메모리),089030
HBM(고대역폭메모리),003160
HBM(고대역폭메모리),322310
증강현실(AR),094170
증강현실(AR),452430
증강현실(AR),016670
증강현실(AR),274400
증강현실(AR),038680
증강현실(AR),036570
증강현실(AR),438700
증강현실(AR),058630
증강현실(AR),054450
증강현실(AR),418420
증강현실(AR),053450
증강현실(AR),078890
증강현실(AR),054210
증강현실(AR),190510
증강현실(AR),084730
증강현실(AR),299900
증강현실(AR),064800
증강현실(AR),206560
증강현실(AR),290520
증강현실(AR),377030
증강현실(AR),431190
카메라모듈/부품,094170
카메라모듈/부품,0011A0
카메라모듈/부품,097520
카메라모듈/부품,370090
카메라모듈/부품,126700
카메라모듈/부품,300120
카메라모듈/부품,208710
카메라모듈/부품,290740
카메라모듈/부품,082210
카메라모듈/부품,087600
카메라모듈/부품,081580
카메라모듈/부품,049630
카메라모듈/부품,196450
카메라모듈/부품,047310
카메라모듈/부품,009150
카메라모듈/부품,053450
카메라모듈/부품,076610
카메라모듈/부품,190510
카메라모듈/부품,225190
카메라모듈/부품,033240
카메라모듈/부품,091700
카메라모듈/부품,065130
카메라모듈/부품,011070
카메라모듈/부품,263600
카메라모듈/부품,123010
카메라모듈/부품,050110
카메라모듈/부품,271830
테마파크,020710
테마파크,084680
테마파크,023350
테마파크,000720
테마파크,066620
테마파크,464580
음성인식,038950
음성인식,012330
음성인식,064480
음성인식,035720
음성인식,078890
음성인식,039010
음성인식,015710
음성인식,279600
음성인식,035420
음성인식,108860
음성인식,091700
PCB(FPCB 등),254120
PCB(FPCB 등),272290
PCB(FPCB 등),168360
PCB(FPCB 등),209640
PCB(FPCB 등),020150
PCB(FPCB 등),089980
PCB(FPCB 등),161580
PCB(FPCB 등),131400
PCB(FPCB 등),178920
PCB(FPCB 등),025320
PCB(FPCB 등),082850
PCB(FPCB 등),045300
PCB(FPCB 등),007660
PCB(FPCB 등),009150
PCB(FPCB 등),323280
PCB(FPCB 등),125210
PCB(FPCB 등),051370
PCB(FPCB 등),127980
PCB(FPCB 등),251370
PCB(FPCB 등),353200
PCB(FPCB 등),085670
PCB(FPCB 등),066900
PCB(FPCB 등),007810
PCB(FPCB 등),090460
PCB(FPCB 등),222800
PCB(FPCB 등),092300
PCB(FPCB 등),356860
PCB(FPCB 등),036010
PCB(FPCB 등),219130
PCB(FPCB 등),085910
PCB(FPCB 등),015260
무선충전기술,005930
무선충전기술,061040
무선충전기술,066570
무선충전기술,089010
무선충전기술,459100
무선충전기술,054210
무선충전기술,357580
무선충전기술,006260
무선충전기술,090460
무선충전기술,011070
무선충전기술,043590
무선충전기술,004710
귀금속(금/은),037950
귀금속(금/은),010130
귀금속(금/은),000670
귀금속(금/은),124500
게임,069080
게임,066910
게임,047080
게임,462870
게임,094860
게임,036570
게임,204610
게임,078340
게임,192080
게임,058630
게임,263750
게임,042420
게임,259960
게임,112040
게임,181710
게임,095660
게임,052790
게임,101730
게임,251270
게임,035420
게임,048910
게임,201490
게임,047560
게임,067000
게임,023770
게임,225570
게임,293490
게임,331520
게임,205500
게임,217270
갤럭시 부품주,049070
갤럭시 부품주,005930
갤럭시 부품주,272290
갤럭시 부품주,061040
갤럭시 부품주,294140
갤럭시 부품주,204270
갤럭시 부품주,213420
갤럭시 부품주,484120
갤럭시 부품주,060720
갤럭시 부품주,097520
갤럭시 부품주,089010
갤럭시 부품주,332570
갤럭시 부품주,082210
갤럭시 부품주,178920
갤럭시 부품주,187270
갤럭시 부품주,101330
갤럭시 부품주,049080
갤럭시 부품주,148150
갤럭시 부품주,025320
갤럭시 부품주,047310
갤럭시 부품주,053450
갤럭시 부품주,009150
갤럭시 부품주,054210
갤럭시 부품주,190510
갤럭시 부품주,125210
갤럭시 부품주,051370
갤럭시 부품주,238090
갤럭시 부품주,033240
갤럭시 부품주,085670
갤럭시 부품주,091700
갤럭시 부품주,007810
갤럭시 부품주,090460
갤럭시 부품주,096630
갤럭시 부품주,376290
갤럭시 부품주,052710
갤럭시 부품주,050110
갤럭시 부품주,192650
갤럭시 부품주,004710
갤럭시 부품주,179900
삼성페이,005930
삼성페이,061040
삼성페이,115310
삼성페이,035600
삼성페이,224110
삼성페이,025770
삼성페이,203650
삼성페이,065440
삼성페이,094480
삼성페이,036800
삼성페이,192250
삼성페이,004800
삼성페이,060230
삼성페이,060250
삼성페이,064260
삼성페이,094280
삼성페이,052400
삼성페이,046440
삼성페이,053300
삼성페이,029780
삼성페이,089850
삼성페이,091700
삼성페이,042510
삼성페이,052710
삼성페이,004710
삼성페이,303030
전력반도체,005930
전력반도체,095610
전력반도체,000660
전력반도체,102120
전력반도체,429270
전력반도체,038880
전력반도체,000990
전력반도체,092220
전력반도체,405100
전력반도체,039440
전력반도체,037030
전력반도체,432470
전력반도체,096690
전력반도체,172670
전력반도체,355150
전력반도체,110990
전력반도체,464500
전력반도체,061970
전력반도체,247660
마켓컬리(kurly),025880
마켓컬리(kurly),051160
마켓컬리(kurly),241520
마켓컬리(kurly),006890
마켓컬리(kurly),067010
마켓컬리(kurly),103840
마켓컬리(kurly),001740
마켓컬리(kurly),189980
마켓컬리(kurly),036580
마켓컬리(kurly),100790
온디바이스 AI,005930
온디바이스 AI,000660
온디바이스 AI,486990
온디바이스 AI,102120
온디바이스 AI,094360
온디바이스 AI,080220
온디바이스 AI,058470
온디바이스 AI,054450
온디바이스 AI,405100
온디바이스 AI,394280
온디바이스 AI,377480
온디바이스 AI,009150
온디바이스 AI,323280
온디바이스 AI,432720
온디바이스 AI,353200
온디바이스 AI,330860
온디바이스 AI,200710
온디바이스 AI,222800
온디바이스 AI,077500
온디바이스 AI,399720
온디바이스 AI,033640
온디바이스 AI,464500
온디바이스 AI,403870
온디바이스 AI,200470
시스템반도체,094170
시스템반도체,005930
시스템반도체,452430
시스템반도체,319660
시스템반도체,117670
시스템반도체,042700
시스템반도체,119830
시스템반도체,396270
시스템반도체,317120
시스템반도체,000660
시스템반도체,059120
시스템반도체,093520
시스템반도체,456010
시스템반도체,490470
시스템반도체,102120
시스템반도체,094360
시스템반도체,052860
시스템반도체,429270
시스템반도체,093640
시스템반도체,108320
시스템반도체,038880
시스템반도체,045970
시스템반도체,220260
시스템반도체,000990
시스템반도체,058470
시스템반도체,054450
시스템반도체,101490
시스템반도체,405100
시스템반도체,036540
시스템반도체,394280
시스템반도체,254490
시스템반도체,432720
시스템반도체,115610
시스템반도체,445090
시스템반도체,098460
시스템반도체,330860
시스템반도체,172670
시스템반도체,097800
시스템반도체,200710
시스템반도체,080520
시스템반도체,067310
시스템반도체,399720
시스템반도체,389020
시스템반도체,226590
시스템반도체,092600
시스템반도체,033640
시스템반도체,440110
시스템반도체,464500
시스템반도체,089030
시스템반도체,061970
시스템반도체,131970
시스템반도체,123860
시스템반도체,003160
시스템반도체,234030
시스템반도체,004710
시스템반도체,033170
시스템반도체,303030
반도체 재료/부품,036090
반도체 재료/부품,078350
반도체 재료/부품,171010
반도체 재료/부품,482630
반도체 재료/부품,272290
반도체 재료/부품,024850
반도체 재료/부품,093370
반도체 재료/부품,425040
반도체 재료/부품,307750
반도체 재료/부품,014680
반도체 재료/부품,417500
반도체 재료/부품,281820
반도체 재료/부품,000150
반도체 재료/부품,112290
반도체 재료/부품,004000
반도체 재료/부품,052900
반도체 재료/부품,311320
반도체 재료/부품,005290
반도체 재료/부품,357780
반도체 재료/부품,147760
반도체 재료/부품,281740
반도체 재료/부품,114810
반도체 재료/부품,000390
반도체 재료/부품,064760
반도체 재료/부품,077360
반도체 재료/부품,025320
반도체 재료/부품,095340
반도체 재료/부품,278280
반도체 재료/부품,220260
반도체 재료/부품,295310
반도체 재료/부품,241790
반도체 재료/부품,092220
반도체 재료/부품,025000
반도체 재료/부품,142210
반도체 재료/부품,101160
반도체 재료/부품,445180
반도체 재료/부품,101490
반도체 재료/부품,456040
반도체 재료/부품,155650
반도체 재료/부품,074600
반도체 재료/부품,388210
반도체 재료/부품,241770
반도체 재료/부품,272110
반도체 재료/부품,489500
반도체 재료/부품,252990
반도체 재료/부품,144960
반도체 재료/부품,036810
반도체 재료/부품,166090
반도체 재료/부품,098120
반도체 재료/부품,195870
반도체 재료/부품,080580
반도체 재료/부품,317330
반도체 재료/부품,102710
반도체 재료/부품,424980
반도체 재료/부품,104830
반도체 재료/부품,067310
반도체 재료/부품,092070
반도체 재료/부품,446540
반도체 재료/부품,060310
반도체 재료/부품,033640
반도체 재료/부품,033160
반도체 재료/부품,219130
반도체 재료/부품,043590
반도체 재료/부품,083500
반도체 재료/부품,170920
반도체 재료/부품,059090
반도체 재료/부품,004710
반도체 재료/부품,031330
반도체 재료/부품,146320
카지노,052330
카지노,114090
카지노,035250
카지노,051360
카지노,034230
카지노,032350
인터넷 대표주,035720
인터넷 대표주,035420
호텔/리조트,006730
호텔/리조트,194370
호텔/리조트,007720
호텔/리조트,499790
호텔/리조트,035250
호텔/리조트,139480
호텔/리조트,001740
호텔/리조트,294870
호텔/리조트,034230
호텔/리조트,000880
호텔/리조트,025980
호텔/리조트,032350
호텔/리조트,070960
호텔/리조트,008770
광고,089600
광고,351870
광고,362990
광고,037270
광고,263700
광고,035000
광고,127710
광고,291230
광고,051160
광고,048550
광고,123570
광고,237820
광고,397810
광고,216050
광고,273060
광고,030000
광고,214320
광고,010470
광고,443250
광고,214270
광고,236810
광고,363260
광고,050090
광고,321820
여행,038390
여행,039310
여행,094850
여행,104620
여행,048550
여행,039130
여행,080160
여행,032350
여행,035080
은행,006220
은행,024110
은행,316140
은행,323410
은행,086790
은행,105560
은행,139130
은행,138930
은행,055550
은행,279570
은행,175330
그래핀,119830
그래핀,065500
그래핀,012610
그래핀,078130
그래핀,077360
그래핀,012800
그래핀,024900
그래핀,079980
그래핀,054940
그래핀,154040
그래핀,027580
그래핀,073110
그래핀,900250
유심(USIM),065440
유심(USIM),081580
유심(USIM),089850
유심(USIM),070300
유심(USIM),057540
영상콘텐츠,046390
영상콘텐츠,241840
영상콘텐츠,068050
영상콘텐츠,458350
영상콘텐츠,950190
영상콘텐츠,047820
영상콘텐츠,122450
영상콘텐츠,035900
영상콘텐츠,054780
영상콘텐츠,051780
영상콘텐츠,086980
영상콘텐츠,210120
영상콘텐츠,408900
영상콘텐츠,035760
영상콘텐츠,253450
영상콘텐츠,310200
영상콘텐츠,389140
영상콘텐츠,034120
영상콘텐츠,018700
영상콘텐츠,048550
영상콘텐츠,476080
영상콘텐츠,048910
영상콘텐츠,160550
영상콘텐츠,403850
영상콘텐츠,317530
영상콘텐츠,173940
영상콘텐츠,299900
영상콘텐츠,289220
영상콘텐츠,035620
영상콘텐츠,419530
영상콘텐츠,206560
영상콘텐츠,322780
영상콘텐츠,432430
영상콘텐츠,200350
초전도체,002240
초전도체,004830
초전도체,023800
초전도체,294630
초전도체,217820
초전도체,042370
초전도체,045100
초전도체,047310
초전도체,250060
초전도체,037330
초전도체,065350
초전도체,010120
초전도체,065130
초전도체,052710
초전도체,012170
메타버스(Metaverse),303530
메타버스(Metaverse),038680
메타버스(Metaverse),336060
메타버스(Metaverse),109080
메타버스(Metaverse),047080
메타버스(Metaverse),059120
메타버스(Metaverse),066310
메타버스(Metaverse),052220
메타버스(Metaverse),171090
메타버스(Metaverse),340360
메타버스(Metaverse),438700
메타버스(Metaverse),189330
메타버스(Metaverse),094360
메타버스(Metaverse),005380
메타버스(Metaverse),058630
메타버스(Metaverse),263750
메타버스(Metaverse),291230
메타버스(Metaverse),035760
메타버스(Metaverse),357880
메타버스(Metaverse),347860
메타버스(Metaverse),376300
메타버스(Metaverse),035720
메타버스(Metaverse),030200
메타버스(Metaverse),054210
메타버스(Metaverse),034120
메타버스(Metaverse),163730
메타버스(Metaverse),032640
메타버스(Metaverse),035420
메타버스(Metaverse),027830
메타버스(Metaverse),096240
메타버스(Metaverse),286940
메타버스(Metaverse),085670
메타버스(Metaverse),201490
메타버스(Metaverse),108860
메타버스(Metaverse),065370
메타버스(Metaverse),011070
메타버스(Metaverse),096630
메타버스(Metaverse),073110
메타버스(Metaverse),089890
메타버스(Metaverse),299900
메타버스(Metaverse),289220
메타버스(Metaverse),044380
메타버스(Metaverse),193250
메타버스(Metaverse),217270
메타버스(Metaverse),206560
메타버스(Metaverse),290520
메타버스(Metaverse),377030
메타버스(Metaverse),431190
골판지 제조,014160
골판지 제조,016590
골판지 제조,023600
골판지 제조,006740
골판지 제조,002310
골판지 제조,004150
골판지 제조,011280
골판지 제조,002200
골판지 제조,017650
골판지 제조,016100
국내 상장 중국기업,900270
국내 상장 중국기업,900070
국내 상장 중국기업,900260
국내 상장 중국기업,900120
국내 상장 중국기업,900310
국내 상장 중국기업,900340
국내 상장 중국기업,900110
국내 상장 중국기업,900250
국내 상장 중국기업,900290
국내 상장 중국기업,032580
국내 상장 중국기업,900300
손해보험,000540
손해보험,005830
손해보험,000400
손해보험,000810
손해보험,000370
손해보험,003690
손해보험,031210
손해보험,001450
반도체 기판(FC-BGA/PCB/MLB 등),420770
반도체 기판(FC-BGA/PCB/MLB 등),064290
반도체 기판(FC-BGA/PCB/MLB 등),077360
반도체 기판(FC-BGA/PCB/MLB 등),036710
반도체 기판(FC-BGA/PCB/MLB 등),007660
반도체 기판(FC-BGA/PCB/MLB 등),009150
반도체 기판(FC-BGA/PCB/MLB 등),323280
반도체 기판(FC-BGA/PCB/MLB 등),353200
반도체 기판(FC-BGA/PCB/MLB 등),323350
반도체 기판(FC-BGA/PCB/MLB 등),007810
반도체 기판(FC-BGA/PCB/MLB 등),222800
반도체 기판(FC-BGA/PCB/MLB 등),011070
반도체 기판(FC-BGA/PCB/MLB 등),356860
반도체 기판(FC-BGA/PCB/MLB 등),085910
탈 플라스틱(친환경/생분해성 등),092200
탈 플라스틱(친환경/생분해성 등),038110
탈 플라스틱(친환경/생분해성 등),037230
탈 플라스틱(친환경/생분해성 등),272550
탈 플라스틱(친환경/생분해성 등),260930
탈 플라스틱(친환경/생분해성 등),340440
탈 플라스틱(친환경/생분해성 등),285800
탈 플라스틱(친환경/생분해성 등),014970
전선,006340
전선,103590
전선,060370
전선,229640
전선,001440
전선,006260
전선,000500
전선,024840
고체산화물 연료전지(SOFC),126340
고체산화물 연료전지(SOFC),083650
고체산화물 연료전지(SOFC),417200
고체산화물 연료전지(SOFC),056190
고체산화물 연료전지(SOFC),475150
고체산화물 연료전지(SOFC),382900
고체산화물 연료전지(SOFC),357580
고체산화물 연료전지(SOFC),452280
고체산화물 연료전지(SOFC),336260
고체산화물 연료전지(SOFC),089890
고체산화물 연료전지(SOFC),282720
고체산화물 연료전지(SOFC),170920
고체산화물 연료전지(SOFC),059090
페라이트,037370
페라이트,007770
페라이트,015890
페라이트,101240
페라이트,125210
페라이트,263810
페라이트,009470
페라이트,148250
페라이트,357580
페라이트,047400
페라이트,079190
페라이트,095500
페라이트,011230
페라이트,004710
영화,079160
영화,086980
영화,035760
영화,037760
영화,389140
영화,018700
영화,023530
영화,160550
영화,035620
영화,206560
영화,012170
서울고속버스터미널 재개발 수혜,004170
서울고속버스터미널 재개발 수혜,006040
서울고속버스터미널 재개발 수혜,128820
서울고속버스터미널 재개발 수혜,000650
서울고속버스터미널 재개발 수혜,084670
김밥(냉동김밥 등),017810
김밥(냉동김밥 등),003680
김밥(냉동김밥 등),103840
김밥(냉동김밥 등),011150
김밥(냉동김밥 등),003960
김밥(냉동김밥 등),276730
MLCC(적층세라믹콘덴서),005070
MLCC(적층세라믹콘덴서),078600
MLCC(적층세라믹콘덴서),009150
MLCC(적층세라믹콘덴서),306620
MLCC(적층세라믹콘덴서),382840
MLCC(적층세라믹콘덴서),001820
MLCC(적층세라믹콘덴서),126730
MLCC(적층세라믹콘덴서),052710
MLCC(적층세라믹콘덴서),457370
MLCC(적층세라믹콘덴서),149950
MLCC(적층세라믹콘덴서),320000
야놀자(Yanolja),003530
야놀자(Yanolja),088350
야놀자(Yanolja),019550
야놀자(Yanolja),027360
야놀자(Yanolja),035080
